{
  "mode": "fit_apply",
  "source_pt": "/home/yancy/work/dm_backdoor_latent_space/experiment-1_19/latents_experiment/generate_T2S_w_att.pt",
  "target_pt": "/home/yancy/work/dm_backdoor_latent_space/experiment-1_19/latents_experiment/generate_GAUSS_w_aligned_vis.pt",
  "q_pt": "/home/yancy/work/dm_backdoor_latent_space/experiment-1_19/latents_experiment/oms_Q_T2S_w_att_to_gauss_aligned_b128_a0p10.pt",
  "q_meta_json": "",
  "q_seed": 12345,
  "block_mode": "flat_chunk",
  "block_size": 128,
  "blend_alpha": 0.1,
  "match_target_std": true,
  "device": "cpu",
  "dtype": "fp32",
  "strict_shape": true,
  "latent_key": "",
  "latent_shape": [
    16,
    4,
    64,
    64
  ],
  "num_samples": 16,
  "num_dims": 16384,
  "fit_num_samples": 16,
  "fit_device": "cpu",
  "apply_device": "cpu",
  "pre_fit_metrics": {
    "mse": 1.870617389678955,
    "cosine": -0.0016499641351401806,
    "relative_fro": 1.370586633682251
  },
  "post_fit_metrics": {
    "mse": 0.08017154037952423,
    "cosine": 0.9592061042785645,
    "relative_fro": 0.28374218940734863
  },
  "norm_stats": {
    "mean_norm_x": 119.50827026367188,
    "mean_norm_xq": 119.5082778930664,
    "mean_norm_y": 127.72915649414062
  },
  "blend_stats": {
    "xq_norm_stats": {
      "mean_norm_x": 119.50827026367188,
      "mean_norm_xq": 119.5082778930664
    },
    "xmix_norm_stats": {
      "mean_norm_x": 119.50827026367188,
      "mean_norm_xq": 108.20872497558594
    }
  },
  "std_match": {
    "std_before_rescale": 0.845389723777771,
    "std_target": 0.997896134853363,
    "rescale_factor": 1.1803977583177971,
    "std_after_rescale": 0.9978960752487183,
    "enabled": true,
    "eps": 1e-12
  },
  "orthogonality": {
    "error_mean": 9.749168626171922e-06,
    "error_max": 1.0649637260939926e-05,
    "errors_per_block": [
      9.815130397328176e-06,
      1.0136433047591709e-05,
      9.626541213947348e-06,
      9.643267731007654e-06,
      9.694940672488883e-06,
      9.771542863745708e-06,
      9.880414836516138e-06,
      1.020073705149116e-05,
      9.759203749126755e-06,
      9.109406164498068e-06,
      1.0098150596604683e-05,
      9.960301213141065e-06,
      9.853307346929796e-06,
      1.0032010322902352e-05,
      1.0030303201347124e-05,
      1.0142527571588289e-05,
      9.390497325512115e-06,
      9.702645002107602e-06,
      9.323074664280284e-06,
      9.644191777624656e-06,
      9.78711341304006e-06,
      9.573607712809462e-06,
      9.666653568274342e-06,
      9.975648936233483e-06,
      9.45828105614055e-06,
      9.426287761016283e-06,
      9.656640031607822e-06,
      1.0214182111667469e-05,
      1.0063210538646672e-05,
      1.0092566299135797e-05,
      1.0045175258710515e-05,
      9.540473911329173e-06,
      9.87968724075472e-06,
      9.352678716822993e-06,
      9.51993752096314e-06,
      1.0093971468450036e-05,
      9.894370123220142e-06,
      9.464573849982116e-06,
      9.636294635129161e-06,
      9.670225153968204e-06,
      9.668407983554062e-06,
      9.63360616879072e-06,
      9.360763215227053e-06,
      9.488271643931512e-06,
      9.842902727541514e-06,
      9.784247595234774e-06,
      9.01196926861303e-06,
      9.720544767333195e-06,
      1.0220536751148757e-05,
      1.0010334335674997e-05,
      8.89739294507308e-06,
      1.000512384052854e-05,
      9.904991202347446e-06,
      9.328799023933243e-06,
      9.675292858446483e-06,
      9.652501830714755e-06,
      9.616444003768265e-06,
      1.0062612091132905e-05,
      9.54008828557562e-06,
      9.176028470392339e-06,
      9.399772352480795e-06,
      1.0328612006560434e-05,
      9.630543900129851e-06,
      9.637421499064658e-06,
      9.5519790193066e-06,
      9.527207112114411e-06,
      9.70194651017664e-06,
      9.637620678404346e-06,
      9.502354259893764e-06,
      9.663767741585616e-06,
      1.0649637260939926e-05,
      9.416255124961026e-06,
      9.83665267995093e-06,
      9.76593673840398e-06,
      9.478756510361563e-06,
      9.458333806833252e-06,
      9.535682693240233e-06,
      9.86686791293323e-06,
      9.765571121533867e-06,
      1.0456029485794716e-05,
      9.670647159509826e-06,
      9.900398254103493e-06,
      9.42592214414617e-06,
      9.64974969974719e-06,
      9.701098861114588e-06,
      9.85367842076812e-06,
      9.621885510568973e-06,
      9.417100955033675e-06,
      9.700676855572965e-06,
      9.455502549826633e-06,
      9.721812602947466e-06,
      9.701848284748849e-06,
      1.0095294783241116e-05,
      9.587947715772316e-06,
      1.0272418876411393e-05,
      9.594313269190025e-06,
      9.682967174740043e-06,
      1.0168102562602144e-05,
      9.679247341409791e-06,
      9.489357580605429e-06,
      9.72884299699217e-06,
      9.261111699743196e-06,
      9.897948075376917e-06,
      9.8787022579927e-06,
      1.0002063390857074e-05,
      9.932819011737593e-06,
      9.838517144089565e-06,
      9.579625839251094e-06,
      9.880540346784983e-06,
      9.893361493595876e-06,
      9.203496119880583e-06,
      9.92443528957665e-06,
      9.94668425846612e-06,
      1.0269694939779583e-05,
      9.736028914630879e-06,
      9.9165608844487e-06,
      9.84168491413584e-06,
      1.0055169695988297e-05,
      1.0256492714688648e-05,
      9.61839577939827e-06,
      1.0144531188416295e-05,
      9.690239494375419e-06,
      9.50138746702578e-06,
      9.695794688013848e-06,
      1.0075724276248366e-05,
      9.92228069662815e-06,
      9.965707249648403e-06,
      9.607759238861036e-06
    ]
  },
  "time_cost_sec": {
    "fit": 1.5641872882843018,
    "total": 1.6102232933044434
  },
  "out_pt": "/home/yancy/work/dm_backdoor_latent_space/experiment-1_19/latents_experiment/generate_T2S_w_att_oms_gauss_aligned_b128_a0p10.pt",
  "out_q_pt": "/home/yancy/work/dm_backdoor_latent_space/experiment-1_19/latents_experiment/oms_Q_T2S_w_att_to_gauss_aligned_b128_a0p10.pt"
}