{
  "mode": "fit_apply",
  "source_pt": "/home/yancy/work/dm_backdoor_latent_space/experiment-1_19/latents_experiment/generate_PRC_w_att_0_85_clip.pt",
  "target_pt": "/home/yancy/work/dm_backdoor_latent_space/experiment-1_19/latents_experiment/generate_GAUSS_w_aligned_vis.pt",
  "q_pt": "/home/yancy/work/dm_backdoor_latent_space/experiment-1_19/latents_experiment/oms_Q_PRC_w_att_to_gauss_aligned_b128_a0p10.pt",
  "q_meta_json": "",
  "q_seed": 12345,
  "block_mode": "flat_chunk",
  "block_size": 128,
  "blend_alpha": 0.1,
  "match_target_std": true,
  "device": "cpu",
  "dtype": "fp32",
  "strict_shape": true,
  "latent_key": "",
  "latent_shape": [
    16,
    4,
    64,
    64
  ],
  "num_samples": 16,
  "num_dims": 16384,
  "fit_num_samples": 16,
  "fit_device": "cpu",
  "apply_device": "cpu",
  "pre_fit_metrics": {
    "mse": 1.7143795490264893,
    "cosine": 0.0024816999211907387,
    "relative_fro": 1.3121010065078735
  },
  "post_fit_metrics": {
    "mse": 0.46096932888031006,
    "cosine": 0.7412038445472717,
    "relative_fro": 0.6803778409957886
  },
  "norm_stats": {
    "mean_norm_x": 108.81835174560547,
    "mean_norm_xq": 108.81835174560547,
    "mean_norm_y": 127.72915649414062
  },
  "blend_stats": {
    "xq_norm_stats": {
      "mean_norm_x": 108.81835174560547,
      "mean_norm_xq": 108.81835174560547
    },
    "xmix_norm_stats": {
      "mean_norm_x": 108.81835174560547,
      "mean_norm_xq": 98.62134552001953
    }
  },
  "std_match": {
    "std_before_rescale": 0.7704882621765137,
    "std_target": 0.997896134853363,
    "rescale_factor": 1.2951477444097086,
    "std_after_rescale": 0.9978961944580078,
    "enabled": true,
    "eps": 1e-12
  },
  "orthogonality": {
    "error_mean": 9.113474874311578e-06,
    "error_max": 1.0134262083738577e-05,
    "errors_per_block": [
      8.976966455520596e-06,
      9.025685358210467e-06,
      9.127410521614365e-06,
      9.229286661138758e-06,
      9.203015906678047e-06,
      8.802032425592188e-06,
      8.772014552960172e-06,
      8.950809387897607e-06,
      9.195156053465325e-06,
      9.84150028671138e-06,
      1.0134262083738577e-05,
      9.420644346391782e-06,
      9.124985808739439e-06,
      8.933416211220901e-06,
      9.259154467144981e-06,
      9.457608030061238e-06,
      9.202552973874845e-06,
      9.004457751871087e-06,
      8.923732821131125e-06,
      9.292594768339768e-06,
      8.904078640625812e-06,
      9.203124136547558e-06,
      9.270831469621044e-06,
      8.669380804349203e-06,
      9.012809641717467e-06,
      8.872037142282352e-06,
      9.350541404273827e-06,
      9.00027316674823e-06,
      9.88316060102079e-06,
      8.957647878560238e-06,
      8.751916539040394e-06,
      8.940478437580168e-06,
      9.135181244346313e-06,
      9.040520126291085e-06,
      8.70688381837681e-06,
      9.383130418427754e-06,
      8.837324457999784e-06,
      9.057908755494282e-06,
      8.936233825806994e-06,
      9.346888873551507e-06,
      9.233384844264947e-06,
      8.721957783563994e-06,
      9.72327143244911e-06,
      8.693570634932257e-06,
      9.420657079317607e-06,
      9.215848876920063e-06,
      9.2938935267739e-06,
      9.039643373398576e-06,
      9.522106665826868e-06,
      9.327436600869987e-06,
      9.192024663207121e-06,
      8.818462447379716e-06,
      8.880199857230764e-06,
      9.458532076678239e-06,
      9.50594312598696e-06,
      8.901860383048188e-06,
      9.442627742828336e-06,
      8.60564523463836e-06,
      9.081395546672866e-06,
      9.374459295941051e-06,
      8.875787898432463e-06,
      8.852030987327453e-06,
      9.186489478452131e-06,
      8.832302228256594e-06,
      9.048138963407837e-06,
      9.220689207722899e-06,
      9.488519935985096e-06,
      8.956081728683785e-06,
      9.320106073573697e-06,
      9.505423804512247e-06,
      9.05815886653727e-06,
      8.69024279381847e-06,
      8.89059083419852e-06,
      9.145710464508738e-06,
      9.081798452825751e-06,
      9.264168511435855e-06,
      9.118320122070145e-06,
      9.287568900617771e-06,
      8.85947792994557e-06,
      9.090414096135646e-06,
      9.056195267476141e-06,
      8.965320375864394e-06,
      9.119446986005642e-06,
      9.051936103787739e-06,
      8.56169754115399e-06,
      9.237037374987267e-06,
      9.21483660931699e-06,
      8.945637091528624e-06,
      8.95819812285481e-06,
      9.11088409338845e-06,
      8.715808689885307e-06,
      9.223015695170034e-06,
      8.941627129388507e-06,
      8.971026545623317e-06,
      8.503087883582339e-06,
      9.187064279103652e-06,
      9.317996955360286e-06,
      9.120458344114013e-06,
      9.152378879662137e-06,
      8.94141339813359e-06,
      9.34516174311284e-06,
      9.716185559227597e-06,
      8.72891178005375e-06,
      8.861366950441152e-06,
      9.160035915556364e-06,
      8.993673873192165e-06,
      9.12173891265411e-06,
      9.685392797109671e-06,
      9.075748494069558e-06,
      8.9985651356983e-06,
      9.243583008355927e-06,
      9.04846365301637e-06,
      9.030464752868284e-06,
      8.926975169742946e-06,
      9.183391739497893e-06,
      8.923065252020024e-06,
      8.93294873094419e-06,
      9.345492799184285e-06,
      8.970254384621512e-06,
      8.991142749437131e-06,
      9.269529073208105e-06,
      9.37526965572033e-06,
      9.08234687813092e-06,
      9.200762178807054e-06,
      8.988462468551006e-06,
      9.43512986850692e-06,
      9.311753274232615e-06,
      8.92131902219262e-06
    ]
  },
  "time_cost_sec": {
    "fit": 2.189082622528076,
    "total": 2.245830774307251
  },
  "out_pt": "/home/yancy/work/dm_backdoor_latent_space/experiment-1_19/latents_experiment/generate_PRC_w_att_oms_gauss_aligned_b128_a0p10.pt",
  "out_q_pt": "/home/yancy/work/dm_backdoor_latent_space/experiment-1_19/latents_experiment/oms_Q_PRC_w_att_to_gauss_aligned_b128_a0p10.pt"
}