{
  "mode": "fit_apply",
  "source_pt": "/home/yancy/work/dm_backdoor_latent_space/experiment-1_19/latents_experiment/generate_PRC_w_att_0_85_clip.pt",
  "target_pt": "/home/yancy/work/dm_backdoor_latent_space/experiment-1_19/latents_experiment/generate_GAUSS_w_aligned_vis.pt",
  "q_pt": "/home/yancy/work/dm_backdoor_latent_space/experiment-1_19/latents_experiment/oms_Q_PRC_w_att_to_gauss_aligned.pt",
  "q_meta_json": "",
  "q_seed": 12345,
  "block_mode": "flat_chunk",
  "block_size": 64,
  "blend_alpha": 0.2,
  "match_target_std": true,
  "device": "cpu",
  "dtype": "fp32",
  "strict_shape": true,
  "latent_key": "",
  "latent_shape": [
    16,
    4,
    64,
    64
  ],
  "num_samples": 16,
  "num_dims": 16384,
  "fit_num_samples": 16,
  "fit_device": "cpu",
  "apply_device": "cpu",
  "pre_fit_metrics": {
    "mse": 1.7143795490264893,
    "cosine": 0.0024816999211907387,
    "relative_fro": 1.3121010065078735
  },
  "post_fit_metrics": {
    "mse": 0.49756038188934326,
    "cosine": 0.7196348905563354,
    "relative_fro": 0.7068657279014587
  },
  "norm_stats": {
    "mean_norm_x": 108.81835174560547,
    "mean_norm_xq": 108.81835174560547,
    "mean_norm_y": 127.72915649414062
  },
  "blend_stats": {
    "xq_norm_stats": {
      "mean_norm_x": 108.81835174560547,
      "mean_norm_xq": 108.81835174560547
    },
    "xmix_norm_stats": {
      "mean_norm_x": 108.81835174560547,
      "mean_norm_xq": 89.89926147460938
    }
  },
  "std_match": {
    "std_before_rescale": 0.7023457288742065,
    "std_target": 0.997896134853363,
    "rescale_factor": 1.4208047316689387,
    "std_after_rescale": 0.997896134853363,
    "enabled": true,
    "eps": 1e-12
  },
  "orthogonality": {
    "error_mean": 5.6698842989533205e-06,
    "error_max": 6.954481250431854e-06,
    "errors_per_block": [
      5.9009253163821995e-06,
      5.326203790900763e-06,
      5.489675913850078e-06,
      5.584880454989616e-06,
      5.66625294595724e-06,
      5.696499556506751e-06,
      5.394680556491949e-06,
      5.165850325283827e-06,
      5.785890152765205e-06,
      5.763076387665933e-06,
      6.199828021635767e-06,
      5.8889577303489204e-06,
      5.790906016045483e-06,
      5.685843007086078e-06,
      6.241692062758375e-06,
      5.876347131561488e-06,
      5.84505050937878e-06,
      5.186495400266722e-06,
      6.087106612540083e-06,
      5.49070273336838e-06,
      5.5262516980292276e-06,
      5.651480478263693e-06,
      5.221223545959219e-06,
      5.937564765190473e-06,
      5.6709322961978614e-06,
      5.554321887757396e-06,
      5.692535069101723e-06,
      5.501363830262562e-06,
      5.612014319922309e-06,
      5.619061539618997e-06,
      5.448954198072897e-06,
      5.636703917843988e-06,
      5.647006673825672e-06,
      5.593899459199747e-06,
      5.6760627558105625e-06,
      6.019562533765566e-06,
      5.675617103406694e-06,
      5.793067884951597e-06,
      5.362156571209198e-06,
      5.489540853886865e-06,
      5.855247309227707e-06,
      5.644535121973604e-06,
      6.215936082298867e-06,
      5.527171651920071e-06,
      5.7365273278264794e-06,
      5.532013346964959e-06,
      5.62993318453664e-06,
      5.608724222838646e-06,
      5.30017814526218e-06,
      6.263831892283633e-06,
      6.066035439289408e-06,
      5.681407856172882e-06,
      5.2672839956358075e-06,
      6.047506758477539e-06,
      6.123772891442059e-06,
      6.200336883921409e-06,
      5.886623966944171e-06,
      5.773932116426295e-06,
      5.4400975386670325e-06,
      5.470158612297382e-06,
      6.127438609837554e-06,
      5.740649612562265e-06,
      5.804038664791733e-06,
      5.343174507288495e-06,
      5.55339011043543e-06,
      5.165475158719346e-06,
      5.803381554869702e-06,
      5.443579993880121e-06,
      5.42378302270663e-06,
      5.314696409186581e-06,
      5.295975824992638e-06,
      5.662923285854049e-06,
      5.872704605280887e-06,
      5.622907792712795e-06,
      5.465024059958523e-06,
      5.7196484704036266e-06,
      5.452245204651263e-06,
      5.419547051133122e-06,
      5.841300207976019e-06,
      6.047027000022354e-06,
      5.749705451307818e-06,
      6.4719074543972965e-06,
      5.574536771746352e-06,
      5.955572760285577e-06,
      5.802696250611916e-06,
      5.613690973405028e-06,
      5.886456619919045e-06,
      5.907333616050892e-06,
      5.764928118878743e-06,
      5.788005637441529e-06,
      6.010593551764032e-06,
      5.646689714922104e-06,
      5.778508693765616e-06,
      6.210727860889165e-06,
      5.412924565462163e-06,
      5.703014267055551e-06,
      5.503241027327022e-06,
      5.515924840437947e-06,
      5.316466740623582e-06,
      5.719238288293127e-06,
      5.606133527180646e-06,
      5.672274255630327e-06,
      5.635870820697164e-06,
      5.627230621030321e-06,
      5.790172053821152e-06,
      5.913917448197026e-06,
      5.511536983249243e-06,
      5.729947133659152e-06,
      5.4103297770780046e-06,
      5.404076546255965e-06,
      6.2020508266869e-06,
      5.774551027570851e-06,
      5.417780357674928e-06,
      6.386194399965461e-06,
      5.196787697059335e-06,
      5.665147909894586e-06,
      5.872134806850227e-06,
      5.538028290175134e-06,
      5.440592758532148e-06,
      5.489802788360976e-06,
      5.550932201003889e-06,
      5.906710612180177e-06,
      5.622911430691602e-06,
      5.419406534201698e-06,
      5.560902536672074e-06,
      5.5840000641183e-06,
      5.439546839625109e-06,
      5.379235517466441e-06,
      5.3699445743404794e-06,
      5.5957320910238195e-06,
      5.597252311417833e-06,
      5.678044999513077e-06,
      5.401505404734053e-06,
      5.414161478256574e-06,
      5.453914582176367e-06,
      5.490444891620427e-06,
      5.492156560649164e-06,
      6.339656920317793e-06,
      5.388107183534885e-06,
      5.720455192204099e-06,
      5.418058663053671e-06,
      5.864847480552271e-06,
      5.6590201893413905e-06,
      6.04714296059683e-06,
      5.882176083105151e-06,
      5.498205609910656e-06,
      5.572925147134811e-06,
      5.6631097322679125e-06,
      5.366705408960115e-06,
      5.589441570919007e-06,
      5.332556156645296e-06,
      5.8743785302795e-06,
      5.675584816344781e-06,
      5.418481123342644e-06,
      5.829580459248973e-06,
      5.416504791355692e-06,
      5.785386292700423e-06,
      5.782283096777974e-06,
      5.314804639056092e-06,
      6.089543148846133e-06,
      5.3629150897904765e-06,
      5.619292551273247e-06,
      5.755083293479402e-06,
      5.878017418581294e-06,
      5.834071089338977e-06,
      5.076674369774992e-06,
      5.292268724588212e-06,
      5.636158221022924e-06,
      5.375441560317995e-06,
      5.931908162892796e-06,
      5.678758043359267e-06,
      5.812815288663842e-06,
      5.372400210035266e-06,
      5.46790033695288e-06,
      5.922002856095787e-06,
      5.604209491139045e-06,
      5.589646661974257e-06,
      5.602601959253661e-06,
      6.438909622374922e-06,
      6.0132224461995065e-06,
      5.704305294784717e-06,
      5.670272003044374e-06,
      5.668564426741796e-06,
      5.577466708928114e-06,
      5.936878096690634e-06,
      5.766144568042364e-06,
      6.061698513804004e-06,
      5.813431471324293e-06,
      6.074861175875412e-06,
      5.319603587849997e-06,
      5.646694262395613e-06,
      5.931568466621684e-06,
      5.759184205089696e-06,
      5.701052941731177e-06,
      5.834262083226349e-06,
      5.732684712711489e-06,
      5.190898264118005e-06,
      5.4954707593424246e-06,
      5.372345185605809e-06,
      5.811817118228646e-06,
      5.223140306043206e-06,
      5.6529802350269165e-06,
      5.393598257796839e-06,
      5.9851531659660395e-06,
      5.31853311258601e-06,
      5.640445124299731e-06,
      5.567473635892384e-06,
      5.4913134590606205e-06,
      5.478553248394746e-06,
      5.4881411415408365e-06,
      5.809612503071548e-06,
      5.428714757726993e-06,
      5.245625743555138e-06,
