{
  "mode": "fit_apply",
  "source_pt": "/home/yancy/work/dm_backdoor_latent_space/experiment-1_19/latents_experiment/generate_PRC_w_att_0_85_clip.pt",
  "target_pt": "/home/yancy/work/dm_backdoor_latent_space/experiment-1_19/latents_experiment/generate_GAUSS_w_aligned_vis.pt",
  "q_pt": "/home/yancy/work/dm_backdoor_latent_space/experiment-1_19/latents_experiment/oms_Q_PRC_w_att_to_gauss_aligned_b32_a0p20.pt",
  "q_meta_json": "",
  "q_seed": 12345,
  "block_mode": "flat_chunk",
  "block_size": 32,
  "blend_alpha": 0.2,
  "match_target_std": true,
  "device": "cpu",
  "dtype": "fp32",
  "strict_shape": true,
  "latent_key": "",
  "latent_shape": [
    16,
    4,
    64,
    64
  ],
  "num_samples": 16,
  "num_dims": 16384,
  "fit_num_samples": 16,
  "fit_device": "cpu",
  "apply_device": "cpu",
  "pre_fit_metrics": {
    "mse": 1.7143795490264893,
    "cosine": 0.0024816999211907387,
    "relative_fro": 1.3121010065078735
  },
  "post_fit_metrics": {
    "mse": 0.5716708898544312,
    "cosine": 0.6759541034698486,
    "relative_fro": 0.7576823234558105
  },
  "norm_stats": {
    "mean_norm_x": 108.81835174560547,
    "mean_norm_xq": 108.818359375,
    "mean_norm_y": 127.72915649414062
  },
  "blend_stats": {
    "xq_norm_stats": {
      "mean_norm_x": 108.81835174560547,
      "mean_norm_xq": 108.818359375
    },
    "xmix_norm_stats": {
      "mean_norm_x": 108.81835174560547,
      "mean_norm_xq": 89.86073303222656
    }
  },
  "std_match": {
    "std_before_rescale": 0.7020441889762878,
    "std_target": 0.997896134853363,
    "rescale_factor": 1.4214149914224936,
    "std_after_rescale": 0.997896134853363,
    "enabled": true,
    "eps": 1e-12
  },
  "orthogonality": {
    "error_mean": 3.909602420026914e-06,
    "error_max": 5.158136900718091e-06,
    "errors_per_block": [
      3.671104195746011e-06,
      3.8632038013020065e-06,
      3.6946328236808768e-06,
      4.203440767014399e-06,
      4.015058948425576e-06,
      3.56497116626997e-06,
      3.4936861084133852e-06,
      4.183722921879962e-06,
      3.949491656385362e-06,
      3.7970398807374295e-06,
      4.333675406087423e-06,
      4.0142840589396656e-06,
      3.732760887942277e-06,
      4.158904630457982e-06,
      3.7688096199417487e-06,
      4.161676770308986e-06,
      4.13836323787109e-06,
      4.722618996311212e-06,
      4.384077783470275e-06,
      3.709014208652661e-06,
      3.7421129945869325e-06,
      3.6693713809654582e-06,
      3.8009218314982718e-06,
      4.053057637065649e-06,
      3.855560862575658e-06,
      3.2386926704930374e-06,
      4.18433728555101e-06,
      4.046128651680192e-06,
      3.883823410433251e-06,
      4.002195510111051e-06,
      3.7481995605048724e-06,
      4.079553036717698e-06,
      3.822737198788673e-06,
      4.256491592968814e-06,
      3.815603122347966e-06,
      3.6779606489290018e-06,
      4.523612915363628e-06,
      3.2698922041163314e-06,
      4.0919030652730726e-06,
      3.7904694636381464e-06,
      3.4130359836126445e-06,
      4.0921277104644105e-06,
      4.181995336693944e-06,
      4.288701802579453e-06,
      4.2033834688481875e-06,
      5.158136900718091e-06,
      4.0891313801694196e-06,
      3.487783033051528e-06,
      4.278439973859349e-06,
      3.402918537176447e-06,
      4.073868240084266e-06,
      4.10778375226073e-06,
      3.679848987303558e-06,
      3.8369248613889795e-06,
      3.7186907775321743e-06,
      4.327710939833196e-06,
      3.972467766288901e-06,
      4.4105663619120605e-06,
      3.7341774259402882e-06,
      3.970993020629976e-06,
      4.087208708369872e-06,
      3.738781970241689e-06,
      4.663705112761818e-06,
      3.889977051585447e-06,
      3.7751538002339657e-06,
      4.254324267094489e-06,
      3.7300608255463885e-06,
      3.851943347399356e-06,
      3.6671426641987637e-06,
      3.7945333133393433e-06,
      4.175820777163608e-06,
      3.560358891263604e-06,
      3.2306709272234002e-06,
      4.247575361659983e-06,
      3.8200341805350035e-06,
      3.884170837409329e-06,
      3.891690994350938e-06,
      3.87964200854185e-06,
      4.037927283206955e-06,
      3.974050287069986e-06,
      3.982656380685512e-06,
      4.169220574112842e-06,
      3.6659546367445728e-06,
      3.7931974929961143e-06,
      3.883239969582064e-06,
      3.789240736296051e-06,
      3.862802714138525e-06,
      3.851163000945235e-06,
      3.560855930118123e-06,
      3.685988076540525e-06,
      3.3986898415605538e-06,
      4.096050815860508e-06,
      3.780672614084324e-06,
      3.7643562791345175e-06,
      4.2804576878552325e-06,
      4.1624612094892655e-06,
      3.4379734188405564e-06,
      3.677746917674085e-06,
      3.735160134965554e-06,
      4.1806329136306886e-06,
      4.196843747195089e-06,
      4.537272161542205e-06,
      3.932318577426486e-06,
      3.622973963501863e-06,
      3.8163693716342095e-06,
      3.583032366805128e-06,
      4.0602653825771995e-06,
      3.6282769997342257e-06,
      3.997525709564798e-06,
      4.098703357158229e-06,
      3.4277904887858313e-06,
      4.106050710106501e-06,
      3.487699359538965e-06,
      3.664923724500113e-06,
      3.6906606055708835e-06,
      3.7659804092982085e-06,
      4.020282176497858e-06,
      3.2632972306601005e-06,
      4.009900749224471e-06,
      3.52649681190087e-06,
      4.170569354755571e-06,
      3.5159084745828295e-06,
      3.769161594391335e-06,
      4.546017407847103e-06,
      4.45304158347426e-06,
      3.708146095959819e-06,
      4.222543793730438e-06,
      4.289008757041302e-06,
      3.986721822002437e-06,
      3.5927348562836414e-06,
      4.52201811640407e-06,
      3.5813286558550317e-06,
      3.7226163840387017e-06,
      4.033425284433179e-06,
      3.6703841033158824e-06,
      3.860992364934646e-06,
      3.8295429476420395e-06,
      4.276892468624283e-06,
      3.7509034882532433e-06,
      3.637956751845195e-06,
      3.7262816476868466e-06,
      3.5721132007893175e-06,
      3.827934961009305e-06,
      4.842953785555437e-06,
      3.533760718710255e-06,
      3.9399055822286755e-06,
      3.486925379547756e-06,
      3.376764198037563e-06,
      3.845419541903539e-06,
      3.998964530183002e-06,
      3.6330015973362606e-06,
      4.008163614344085e-06,
      4.093978532182518e-06,
      4.1159992179018445e-06,
      4.7900343815854285e-06,
      3.7890597468503984e-06,
      3.7166928450460546e-06,
      4.194992925476981e-06,
      4.310364147386281e-06,
      4.458039256860502e-06,
      3.5698335523193236e-06,
      3.7825232084287563e-06,
      3.718397692864528e-06,
      3.7137701838219073e-06,
      3.744487457879586e-06,
      3.637900817921036e-06,
      3.7680026707676006e-06,
      3.590905862438376e-06,
      3.7607412650686456e-06,
      3.5416196624282748e-06,
      3.891263531841105e-06,
      4.224506938044215e-06,
      4.253122824593447e-06,
      4.067665031470824e-06,
      3.9132783058448695e-06,
      3.928974365408067e-06,
      3.678945631691022e-06,
      4.244090177962789e-06,
      3.220433654860244e-06,
      4.384648946142988e-06,
      4.2010483412013855e-06,
      3.5585198929766193e-06,
      3.7110526136530098e-06,
      3.7892998534516664e-06,
      3.758995717362268e-06,
      4.185810666967882e-06,
      4.187924787402153e-06,
      3.862427547574043e-06,
      3.851987457892392e-06,
      3.3309838727291208e-06,
      4.008228643215261e-06,
      3.682939905047533e-06,
      4.325605004851241e-06,
      4.110333065909799e-06,
      3.881397788063623e-06,
      3.5963976188213564e-06,
      3.576546760086785e-06,
      4.000623448519036e-06,
      3.840395038423594e-06,
      4.259625256963773e-06,
      3.889902473019902e-06,
      3.88837815989973e-06,
      3.5975970149593195e-06,
      3.784156433539465e-06,
      3.727977855305653e-06,
      4.0724812606640626e-06,
      4.026946044177748e-06,
      4.22399671151652e-06,
      3.728873025465873e-06,
      3.5788200420938665e-06,
      3.899829152942402e-06,
