{
  "mode": "fit_apply",
  "source_pt": "/home/yancy/work/dm_backdoor_latent_space/experiment-1_19/latents_experiment/generate_GS_w_att.pt",
  "target_pt": "/home/yancy/work/dm_backdoor_latent_space/experiment-1_19/latents_experiment/generate_GAUSS_w_aligned_vis.pt",
  "q_pt": "/home/yancy/work/dm_backdoor_latent_space/experiment-1_19/latents_experiment/oms_Q_GS_w_att_to_gauss_aligned.pt",
  "q_meta_json": "",
  "q_seed": 12345,
  "block_mode": "flat_chunk",
  "block_size": 64,
  "blend_alpha": 0.2,
  "match_target_std": true,
  "device": "cpu",
  "dtype": "fp32",
  "strict_shape": true,
  "latent_key": "",
  "latent_shape": [
    16,
    4,
    64,
    64
  ],
  "num_samples": 16,
  "num_dims": 16384,
  "fit_num_samples": 16,
  "fit_device": "cpu",
  "apply_device": "cpu",
  "pre_fit_metrics": {
    "mse": 1.805604338645935,
    "cosine": -7.638405077159405e-05,
    "relative_fro": 1.3465582132339478
  },
  "post_fit_metrics": {
    "mse": 0.505567193031311,
    "cosine": 0.7238447070121765,
    "relative_fro": 0.712530255317688
  },
  "norm_stats": {
    "mean_norm_x": 115.17601013183594,
    "mean_norm_xq": 115.17601776123047,
    "mean_norm_y": 127.72915649414062
  },
  "blend_stats": {
    "xq_norm_stats": {
      "mean_norm_x": 115.17601013183594,
      "mean_norm_xq": 115.17601776123047
    },
    "xmix_norm_stats": {
      "mean_norm_x": 115.17601013183594,
      "mean_norm_xq": 94.97355651855469
    }
  },
  "std_match": {
    "std_before_rescale": 0.7419641613960266,
    "std_target": 0.997896134853363,
    "rescale_factor": 1.3449384576398518,
    "std_after_rescale": 0.9978961944580078,
    "enabled": true,
    "eps": 1e-12
  },
  "orthogonality": {
    "error_mean": 5.680438249555664e-06,
    "error_max": 6.702900009258883e-06,
    "errors_per_block": [
      5.552624770643888e-06,
      5.573325779550942e-06,
      5.379849881137488e-06,
      5.644759312417591e-06,
      5.642469659505878e-06,
      5.837852768308949e-06,
      5.503608463186538e-06,
      5.742458142776741e-06,
      5.874684575246647e-06,
      5.5578857427462935e-06,
      5.614027031697333e-06,
      5.2872946980642155e-06,
      5.476283604366472e-06,
      5.528273504751269e-06,
      5.658025656885002e-06,
      5.146268449607305e-06,
      5.581451205216581e-06,
      6.102370662119938e-06,
      5.829273959534476e-06,
      5.710143341275398e-06,
      5.6083531490003224e-06,
      5.838548986503156e-06,
      5.650341336149722e-06,
      5.615589543594979e-06,
      5.563911145145539e-06,
      6.20899163550348e-06,
      5.221459559834329e-06,
      5.671611233992735e-06,
      5.661217983288225e-06,
      5.695926120097283e-06,
      5.401981979957782e-06,
      5.521059392776806e-06,
      6.194009074533824e-06,
      5.652008439938072e-06,
      5.511115432454972e-06,
      5.7806778386293445e-06,
      5.788008820672985e-06,
      5.5600808082090225e-06,
      5.685738415195374e-06,
      5.873543614143273e-06,
      5.798668098577764e-06,
      6.0970060076215304e-06,
      5.123066785017727e-06,
      5.351339041226311e-06,
      6.051077434676699e-06,
      5.677910849044565e-06,
      5.509148195415037e-06,
      5.570497251028428e-06,
      5.973695806460455e-06,
      5.730605607823236e-06,
      5.954811967967544e-06,
      5.626302481687162e-06,
      6.324915375444107e-06,
      5.721454272133997e-06,
      5.425824383564759e-06,
      5.464868991111871e-06,
      5.420917659648694e-06,
      5.4021393225411884e-06,
      5.180450443731388e-06,
      5.602818418992683e-06,
      5.877027888345765e-06,
      5.639159553538775e-06,
      5.748256171500543e-06,
      5.233111551206093e-06,
      5.3089711400389206e-06,
      5.488757778948639e-06,
      5.830005193274701e-06,
      5.392346793087199e-06,
      5.3108178690308705e-06,
      5.342215899872826e-06,
      6.048038812878076e-06,
      5.660062470269622e-06,
      6.128425411588978e-06,
      5.1377278396103065e-06,
      5.520525519386865e-06,
      5.487022917805007e-06,
      5.745808721258072e-06,
      5.921729552937904e-06,
      5.416991825768491e-06,
      5.770078587374883e-06,
      5.490205694513861e-06,
      5.783050255558919e-06,
      5.819500074721873e-06,
      5.795374363515293e-06,
      5.956468157819472e-06,
      5.339879407983972e-06,
      6.084446795284748e-06,
      5.641179541271413e-06,
      6.1051246120769065e-06,
      5.577709998760838e-06,
      5.67873394174967e-06,
      6.016935003572144e-06,
      6.053512606740696e-06,
      5.578620402957313e-06,
      5.730357315769652e-06,
      5.550120022235205e-06,
      5.6591534303152e-06,
      6.16366878603003e-06,
      5.624812729365658e-06,
      5.440737822937081e-06,
      5.498894552147249e-06,
      5.929235612711636e-06,
      5.744278496422339e-06,
      5.460927241074387e-06,
      5.730097655032296e-06,
      5.317864179232856e-06,
      6.2569824876845814e-06,
      5.426596999313915e-06,
      5.501912255567731e-06,
      5.546392003452638e-06,
      5.5304053603322245e-06,
      6.1475889197026845e-06,
      5.7606739574112e-06,
      5.392019829741912e-06,
      5.8053224165632855e-06,
      5.833463092130842e-06,
      5.481795597006567e-06,
      6.110706181061687e-06,
      5.623798642773181e-06,
      5.1189549594710115e-06,
      5.3903977459413e-06,
      5.862069428985706e-06,
      5.439338110591052e-06,
      5.848125965712825e-06,
      5.969818175799446e-06,
      5.84719509788556e-06,
      5.65310529054841e-06,
      5.292284185998142e-06,
      5.610290372715099e-06,
      5.447845524031436e-06,
      5.572415375354467e-06,
      5.523105755855795e-06,
      6.5211606852244586e-06,
      5.797192443424137e-06,
      5.794835487904493e-06,
      5.657203473674599e-06,
      5.6944795687741134e-06,
      6.218223461473826e-06,
      5.4392244237533305e-06,
      6.078555088606663e-06,
      6.0663851400022395e-06,
      5.957733264949638e-06,
      5.320736363501055e-06,
      5.6472845244570635e-06,
      5.810508355352795e-06,
      5.390608748712111e-06,
      5.377885372581659e-06,
      5.445698661787901e-06,
      5.4265274229692295e-06,
      5.82029360884917e-06,
      5.873127065569861e-06,
      5.719397904613288e-06,
      5.867686468263855e-06,
      6.090376245992957e-06,
      6.074632892705267e-06,
      5.902026259718696e-06,
      6.060278337827185e-06,
      5.536360731639434e-06,
      6.702900009258883e-06,
      5.463500201585703e-06,
      5.912862434342969e-06,
      6.040712378307944e-06,
      5.24667848367244e-06,
      5.393877472670283e-06,
      5.617546776193194e-06,
      5.630039140669396e-06,
      5.6459953157173e-06,
      5.667061941494467e-06,
      5.519430487765931e-06,
      6.146206033008639e-06,
      5.369564860302489e-06,
      5.400911959441146e-06,
      6.361022315104492e-06,
      5.285630322759971e-06,
      5.675515240000095e-06,
      5.699977918993682e-06,
      5.056297140981769e-06,
      5.759788109571673e-06,
      5.4407864809036255e-06,
      6.284324626903981e-06,
      5.4558945521421265e-06,
      5.646009412885178e-06,
      5.198205599299399e-06,
      5.8315972637501545e-06,
      6.015431154082762e-06,
      5.9000440160161816e-06,
      6.084962933528004e-06,
      5.532769591809483e-06,
      5.921291631239001e-06,
      5.684640200342983e-06,
      5.516994406207232e-06,
      5.5764503485988826e-06,
      5.310128017299576e-06,
      5.781231266155373e-06,
      5.718830834666733e-06,
      6.1217424445203505e-06,
      5.936766683589667e-06,
      5.836397122038761e-06,
      5.557181793847121e-06,
      5.4218053264776245e-06,
      5.6305184443772305e-06,
      5.550771220441675e-06,
      5.534667707252083e-06,
      5.670883183483966e-06,
      5.743125711887842e-06,
      5.981357844575541e-06,
      5.452861842059065e-06,
      5.677651188307209e-06,
      5.498129212355707e-06,
      5.356217570806621e-06,
      5.576379408012144e-06,
      5.734643764299108e-06,
      5.746694114350248e-06,
