{
  "mode": "fit_apply",
  "source_pt": "/home/yancy/work/dm_backdoor_latent_space/experiment-1_19/latents_experiment/generate_GS_w_att.pt",
  "target_pt": "/home/yancy/work/dm_backdoor_latent_space/experiment-1_19/latents_experiment/generate_GAUSS_w_aligned_vis.pt",
  "q_pt": "/home/yancy/work/dm_backdoor_latent_space/experiment-1_19/latents_experiment/oms_Q_GS_w_att_to_gauss_aligned_b32_a0p30.pt",
  "q_meta_json": "",
  "q_seed": 12345,
  "block_mode": "flat_chunk",
  "block_size": 32,
  "blend_alpha": 0.3,
  "match_target_std": true,
  "device": "cpu",
  "dtype": "fp32",
  "strict_shape": true,
  "latent_key": "",
  "latent_shape": [
    16,
    4,
    64,
    64
  ],
  "num_samples": 16,
  "num_dims": 16384,
  "fit_num_samples": 16,
  "fit_device": "cpu",
  "apply_device": "cpu",
  "pre_fit_metrics": {
    "mse": 1.805604338645935,
    "cosine": -7.638405077159405e-05,
    "relative_fro": 1.3465582132339478
  },
  "post_fit_metrics": {
    "mse": 0.5849646329879761,
    "cosine": 0.6796286702156067,
    "relative_fro": 0.7664405107498169
  },
  "norm_stats": {
    "mean_norm_x": 115.17601013183594,
    "mean_norm_xq": 115.17601013183594,
    "mean_norm_y": 127.72915649414062
  },
  "blend_stats": {
    "xq_norm_stats": {
      "mean_norm_x": 115.17601013183594,
      "mean_norm_xq": 115.17601013183594
    },
    "xmix_norm_stats": {
      "mean_norm_x": 115.17601013183594,
      "mean_norm_xq": 87.67304229736328
    }
  },
  "std_match": {
    "std_before_rescale": 0.6849352121353149,
    "std_target": 0.997896134853363,
    "rescale_factor": 1.4569204753555043,
    "std_after_rescale": 0.997896134853363,
    "enabled": true,
    "eps": 1e-12
  },
  "orthogonality": {
    "error_mean": 3.874507044976383e-06,
    "error_max": 5.088522357254988e-06,
    "errors_per_block": [
      4.15385557062109e-06,
      3.51588300873118e-06,
      3.993981863459339e-06,
      3.7230631733109476e-06,
      3.7007321225246415e-06,
      3.7312354379537283e-06,
      4.111867838219041e-06,
      3.486519062789739e-06,
      3.7675895327993203e-06,
      3.714957074407721e-06,
      4.228553279972402e-06,
      3.6189296679367544e-06,
      3.5217826734879054e-06,
      3.829280103673227e-06,
      4.282564077584539e-06,
      3.5245457183918916e-06,
      4.048243681609165e-06,
      4.136009465582902e-06,
      3.441714397922624e-06,
      3.784843329412979e-06,
      3.4179745398432715e-06,
      3.2163864034373546e-06,
      3.730002163138124e-06,
      4.0344630178879015e-06,
      3.5976663639303297e-06,
      3.7519243960559834e-06,
      3.652539589893422e-06,
      3.7745528516097693e-06,
      3.7704853639297653e-06,
      4.673294370149961e-06,
      3.996033228759188e-06,
      3.93551681554527e-06,
      4.143644673604285e-06,
      4.460478976398008e-06,
      3.7251202229526825e-06,
      3.9906567508296575e-06,
      4.241984242980834e-06,
      3.5882237625628477e-06,
      3.943756382795982e-06,
      3.826233296422288e-06,
      3.83834094463964e-06,
      3.835435109067475e-06,
      3.5561001823225524e-06,
      3.8802145354566164e-06,
      3.451086740824394e-06,
      3.7947647797409445e-06,
      3.789067250181688e-06,
      3.806335598710575e-06,
      4.029672254546313e-06,
      4.357905254437355e-06,
      4.215324679535115e-06,
      3.815695890807547e-06,
      3.594583404264995e-06,
      3.5878244943887694e-06,
      4.017771971120965e-06,
      3.49702804669505e-06,
      3.487057711026864e-06,
      3.913412911060732e-06,
      3.402728225410101e-06,
      3.53113432538521e-06,
      3.833285518339835e-06,
      3.440305363255902e-06,
      3.950972768507199e-06,
      3.837655640381854e-06,
      3.554272097971989e-06,
      3.876431946991943e-06,
      3.988609023508616e-06,
      4.256312422512565e-06,
      4.156665909249568e-06,
      4.006496965303086e-06,
      3.869638021569699e-06,
      4.1258886085415725e-06,
      3.4483434774301713e-06,
      3.4457784749974962e-06,
      3.7969086861266987e-06,
      3.7333425098040607e-06,
      3.787120931519894e-06,
      3.896940143022221e-06,
      4.068921498401323e-06,
      4.180006271781167e-06,
      3.861619461531518e-06,
      4.022041593998438e-06,
      4.488094873522641e-06,
      4.045699370180955e-06,
      3.738528903340921e-06,
      3.832483344012871e-06,
      3.534097231749911e-06,
      4.090679794899188e-06,
      3.6135729715169873e-06,
      3.8656426113448106e-06,
      3.752208840523963e-06,
      3.7282679841155186e-06,
      4.348765742179239e-06,
      4.376338438305538e-06,
      3.4273448363819625e-06,
      3.4121578664780827e-06,
      3.6091028050577734e-06,
      3.78374352294486e-06,
      3.7959543988108635e-06,
      3.906323854607763e-06,
      3.919115897588199e-06,
      4.156778686592588e-06,
      4.214198270346969e-06,
      3.981428108090768e-06,
      3.955467491323361e-06,
      3.57748558599269e-06,
      4.032937795273028e-06,
      3.7756251458631596e-06,
      3.337084535814938e-06,
      3.972013473685365e-06,
      4.04035154133453e-06,
      3.5281859709357377e-06,
      3.7516126667469507e-06,
      3.977101641794434e-06,
      3.613498847698793e-06,
      3.916404239134863e-06,
      4.119850018469151e-06,
      4.119373897992773e-06,
      4.276771051081596e-06,
      3.854117039736593e-06,
      3.3967080526053905e-06,
      3.863928213831969e-06,
      3.96089444620884e-06,
      3.6969643133488717e-06,
      4.851084213441936e-06,
      4.151298526267055e-06,
      3.8077050703577697e-06,
      3.8057755773479585e-06,
      4.1513062569720205e-06,
      3.995945007773116e-06,
      3.86587817047257e-06,
      3.942313469451619e-06,
      3.7800461996084778e-06,
      4.35311130786431e-06,
      3.696658723129076e-06,
      3.6825226743530948e-06,
      3.5016041692870203e-06,
      3.916378773283213e-06,
      3.984811428381363e-06,
      3.5029636364924954e-06,
      3.836250471067615e-06,
      4.420346158440225e-06,
      3.804996140388539e-06,
      4.146907485846896e-06,
      4.460649961401941e-06,
      3.7823651837243233e-06,
      3.856134753732476e-06,
      3.5942393878940493e-06,
      4.0683798943064176e-06,
      3.918050424545072e-06,
      3.794106305576861e-06,
      4.039491614094004e-06,
      4.2003630369436e-06,
      3.383289595149108e-06,
      4.178721155767562e-06,
      3.871300123137189e-06,
      4.224801614327589e-06,
      3.7736244848929346e-06,
      3.674587333080126e-06,
      4.282574536773609e-06,
      4.063746928295586e-06,
      3.823124643531628e-06,
      3.7621443880198058e-06,
      3.4996185149793746e-06,
      4.107039785594679e-06,
      3.753054215849261e-06,
      3.843464583042078e-06,
      3.917993581126211e-06,
      4.156955128564732e-06,
      3.836138603219297e-06,
      3.2233460842689965e-06,
      4.303632067603758e-06,
      3.717548224813072e-06,
      3.7586057715088828e-06,
      3.858929630951025e-06,
      3.5573273180489196e-06,
      4.15742078985204e-06,
      3.5799398574454244e-06,
      3.845409082714468e-06,
      4.06648814532673e-06,
      4.165923201071564e-06,
      3.8013595258235e-06,
      3.448574716458097e-06,
      3.8076361761341104e-06,
      4.159880063525634e-06,
      3.820882284344407e-06,
      3.995866336481413e-06,
      3.7774527754663723e-06,
      3.869230113195954e-06,
      4.578882908390369e-06,
      4.763600372825749e-06,
      3.890125753969187e-06,
      3.673399760373286e-06,
      4.14253918279428e-06,
      3.968388682551449e-06,
      3.820412985078292e-06,
      3.550388328221743e-06,
      3.901901436620392e-06,
      3.7497125049412716e-06,
      3.8385228435799945e-06,
      3.7247170894261217e-06,
      3.561592620826559e-06,
      3.880880285578314e-06,
      3.585924787330441e-06,
      3.4213771868962795e-06,
      3.8281377783278e-06,
      4.470163275982486e-06,
      4.071097009727964e-06,
      4.536207143246429e-06,
      4.484606506593991e-06,
      3.6319120226835366e-06,
      3.6055848795513157e-06,
