{
  "mode": "fit_apply",
  "source_pt": "/home/yancy/work/dm_backdoor_latent_space/experiment-1_19/latents_experiment/generate_T2S_w_att.pt",
  "target_pt": "/home/yancy/work/dm_backdoor_latent_space/experiment-1_19/latents_experiment/generate_GAUSS_w_aligned_vis.pt",
  "q_pt": "/home/yancy/work/dm_backdoor_latent_space/experiment-1_19/latents_experiment/oms_Q_T2S_w_att_to_gauss_aligned_b32_a0p20.pt",
  "q_meta_json": "",
  "q_seed": 12345,
  "block_mode": "flat_chunk",
  "block_size": 32,
  "blend_alpha": 0.2,
  "match_target_std": true,
  "device": "cpu",
  "dtype": "fp32",
  "strict_shape": true,
  "latent_key": "",
  "latent_shape": [
    16,
    4,
    64,
    64
  ],
  "num_samples": 16,
  "num_dims": 16384,
  "fit_num_samples": 16,
  "fit_device": "cpu",
  "apply_device": "cpu",
  "pre_fit_metrics": {
    "mse": 1.870617389678955,
    "cosine": -0.0016499641351401806,
    "relative_fro": 1.370586633682251
  },
  "post_fit_metrics": {
    "mse": 0.2733962833881378,
    "cosine": 0.8555050492286682,
    "relative_fro": 0.523974597454071
  },
  "norm_stats": {
    "mean_norm_x": 119.50827026367188,
    "mean_norm_xq": 119.50826263427734,
    "mean_norm_y": 127.72915649414062
  },
  "blend_stats": {
    "xq_norm_stats": {
      "mean_norm_x": 119.50827026367188,
      "mean_norm_xq": 119.50826263427734
    },
    "xmix_norm_stats": {
      "mean_norm_x": 119.50827026367188,
      "mean_norm_xq": 98.51959991455078
    }
  },
  "std_match": {
    "std_before_rescale": 0.7696946859359741,
    "std_target": 0.997896134853363,
    "rescale_factor": 1.296483077102958,
    "std_after_rescale": 0.9978960752487183,
    "enabled": true,
    "eps": 1e-12
  },
  "orthogonality": {
    "error_mean": 3.998734988908126e-06,
    "error_max": 5.09827032146859e-06,
    "errors_per_block": [
      4.634353899746202e-06,
      4.457690465642372e-06,
      3.9000005926936865e-06,
      4.360649654699955e-06,
      4.746950708067743e-06,
      3.793075165958726e-06,
      4.461729076865595e-06,
      4.198040642222622e-06,
      3.7938079913146794e-06,
      3.7013739984104177e-06,
      4.239353984303307e-06,
      4.1440407585469075e-06,
      3.2695895697543165e-06,
      4.107805125386221e-06,
      4.032526703667827e-06,
      4.125617579120444e-06,
      4.322671884438023e-06,
      3.2658288091624854e-06,
      3.6913365875079762e-06,
      4.408030690683518e-06,
      3.87600994145032e-06,
      3.7356512621045113e-06,
      3.630954552136245e-06,
      4.830522811971605e-06,
      4.151305347477319e-06,
      4.085578439116944e-06,
      4.063163487444399e-06,
      4.429641649039695e-06,
      3.889940217050025e-06,
      3.868342901114374e-06,
      4.481310043047415e-06,
      4.131562945985934e-06,
      3.964989446103573e-06,
      3.931603259843541e-06,
      3.903131073457189e-06,
      3.723054760484956e-06,
      4.061970685143024e-06,
      3.973475031671114e-06,
      4.136583811487071e-06,
      3.849727363558486e-06,
      3.710971668624552e-06,
      4.234255811752519e-06,
      3.9642541196371894e-06,
      4.033299774164334e-06,
      3.994563030573772e-06,
      4.3575319068622775e-06,
      3.5701680189959006e-06,
      4.511689894570736e-06,
      4.036167410959024e-06,
      4.275278115528636e-06,
      3.913824912160635e-06,
      3.676442247524392e-06,
      3.80454252990603e-06,
      4.130123670620378e-06,
      4.032503056805581e-06,
      3.5041957744397223e-06,
      4.26032147515798e-06,
      3.6635178730648477e-06,
      3.875202764902497e-06,
      3.667945065899403e-06,
      4.252522558090277e-06,
      4.086379249201855e-06,
      4.0376671677222475e-06,
      3.4895515454991255e-06,
      3.902611297235126e-06,
      3.7621800856868504e-06,
      4.063484993821476e-06,
      3.827144610113464e-06,
      4.400225861900253e-06,
      4.173786237515742e-06,
      3.7993795558577403e-06,
      3.893106168106897e-06,
      3.7347638226492563e-06,
      4.176153197477106e-06,
      3.875477887049783e-06,
      3.7654017432942055e-06,
      3.699598210005206e-06,
      4.140777491556946e-06,
      3.912576175935101e-06,
      3.4244746984768426e-06,
      3.889754225383513e-06,
      3.818395271082409e-06,
      4.19834714193712e-06,
      4.124234692426398e-06,
      3.9015826587274205e-06,
      3.45631724485429e-06,
      4.088437435711967e-06,
      4.331602667662082e-06,
      4.346792593423743e-06,
      4.277546850062208e-06,
      4.9884215513884556e-06,
      3.78917343368812e-06,
      3.914195985998958e-06,
      3.9048186408763286e-06,
      4.151257599005476e-06,
      3.795542170337285e-06,
      3.460634616203606e-06,
      3.878328243445139e-06,
      3.848102096526418e-06,
      3.7396443985926453e-06,
      4.346451078163227e-06,
      4.008836185676046e-06,
      3.7948864246573066e-06,
      4.092793460586108e-06,
      3.980110250267899e-06,
      3.417872676436673e-06,
      3.5521804875315866e-06,
      3.8243360904743895e-06,
      4.375074695417425e-06,
      3.6478365927905543e-06,
      3.8952744034759235e-06,
      4.409706889418885e-06,
      3.487702542770421e-06,
      3.0922910809749737e-06,
      3.836241376120597e-06,
      3.864573955070227e-06,
      3.832376478385413e-06,
      3.72835324924381e-06,
      4.019119842268992e-06,
      3.927446869056439e-06,
      3.6685682971437927e-06,
      4.4319708649709355e-06,
      3.8093321563792415e-06,
      4.467119197215652e-06,
      3.5803011542157037e-06,
      3.641267539933324e-06,
      3.7377931221271865e-06,
      3.63535082215094e-06,
      3.7612592223013053e-06,
      3.988315256719943e-06,
      3.781271288971766e-06,
      3.6471728890319355e-06,
      4.301784883864457e-06,
      3.798967554757837e-06,
      4.1070352381211706e-06,
      4.195375367999077e-06,
      4.413079295773059e-06,
      3.66763333659037e-06,
      4.391059974295786e-06,
      4.817655735678272e-06,
      4.4661642277787905e-06,
      3.5032805953960633e-06,
      3.6354033454699675e-06,
      3.951079634134658e-06,
      3.975775143771898e-06,
      4.048371920362115e-06,
      4.031329353892943e-06,
      4.0322602217202075e-06,
      4.133869879296981e-06,
      3.7927538869553246e-06,
      3.6345877560961526e-06,
      3.5235300401836867e-06,
      3.910220129910158e-06,
      5.09827032146859e-06,
      3.843192189378897e-06,
      4.6209738684410695e-06,
      4.264526069164276e-06,
      3.6413428006198956e-06,
      3.5450602808850817e-06,
      3.993200607510516e-06,
      4.0016393541009165e-06,
      4.0197473936132155e-06,
      3.41811232829059e-06,
      3.5208840927225538e-06,
      3.9228611967701e-06,
      4.079590326000471e-06,
      3.7479187540157e-06,
      4.472836735658348e-06,
      4.672564955399139e-06,
      3.8236112231970765e-06,
      3.760880417758017e-06,
      4.142350917391013e-06,
      3.872830802720273e-06,
      3.4051877264573704e-06,
      3.88753687730059e-06,
      4.152160272496985e-06,
      3.826374268101063e-06,
      4.211945451970678e-06,
      3.777203801291762e-06,
      4.106837423023535e-06,
      3.7372831229731673e-06,
      3.674398158182157e-06,
      3.997580733994255e-06,
      3.4422748740325915e-06,
      4.566260031424463e-06,
      3.898618160746992e-06,
      3.912827651220141e-06,
      3.7952822822262533e-06,
      3.8139910429890733e-06,
      3.998137799499091e-06,
      3.6210858525009826e-06,
      3.8050529838074e-06,
      3.960010872106068e-06,
      3.932868821721058e-06,
      3.96626546717016e-06,
      3.5701175420399522e-06,
      4.049888957524672e-06,
      4.133247330173617e-06,
      3.654430429378408e-06,
      3.991451649199007e-06,
      3.690416178869782e-06,
      3.793481937464094e-06,
      4.5716283239016775e-06,
      3.9776714402250946e-06,
      3.613110038713785e-06,
      4.608714334608521e-06,
      3.8872158256708644e-06,
      4.254438408679562e-06,
      4.621127573045669e-06,
      3.936812845495297e-06,
      4.6215263864723966e-06,
      4.540944701147964e-06,
