{
  "mode": "fit_apply",
  "source_pt": "/home/yancy/work/dm_backdoor_latent_space/experiment-1_19/latents_experiment/generate_GS_w.pt",
  "target_pt": "/home/yancy/work/dm_backdoor_latent_space/experiment-1_19/latents_experiment/generate_GAUSS_w_aligned_vis.pt",
  "q_pt": "/home/yancy/work/dm_backdoor_latent_space/experiment-1_19/latents_experiment/oms_Q_GS_w_to_gauss_aligned.pt",
  "q_meta_json": "",
  "q_seed": 12345,
  "block_mode": "flat_chunk",
  "block_size": 64,
  "blend_alpha": 0.2,
  "match_target_std": true,
  "device": "cpu",
  "dtype": "fp32",
  "strict_shape": true,
  "latent_key": "",
  "latent_shape": [
    16,
    4,
    64,
    64
  ],
  "num_samples": 16,
  "num_dims": 16384,
  "fit_num_samples": 16,
  "fit_device": "cpu",
  "apply_device": "cpu",
  "pre_fit_metrics": {
    "mse": 1.9920971393585205,
    "cosine": 0.0020325621590018272,
    "relative_fro": 1.4143911600112915
  },
  "post_fit_metrics": {
    "mse": 0.5512782335281372,
    "cosine": 0.723846435546875,
    "relative_fro": 0.7440448999404907
  },
  "norm_stats": {
    "mean_norm_x": 128.02279663085938,
    "mean_norm_xq": 128.0227813720703,
    "mean_norm_y": 127.72915649414062
  },
  "blend_stats": {
    "xq_norm_stats": {
      "mean_norm_x": 128.02279663085938,
      "mean_norm_xq": 128.0227813720703
    },
    "xmix_norm_stats": {
      "mean_norm_x": 128.02279663085938,
      "mean_norm_xq": 105.68537902832031
    }
  },
  "std_match": {
    "std_before_rescale": 0.8256356716156006,
    "std_target": 0.997896134853363,
    "rescale_factor": 1.2086398022259324,
    "std_after_rescale": 0.9978961944580078,
    "enabled": true,
    "eps": 1e-12
  },
  "orthogonality": {
    "error_mean": 5.644489259992724e-06,
    "error_max": 6.740081062162062e-06,
    "errors_per_block": [
      6.3450911511608865e-06,
      5.901960776100168e-06,
      5.9698691075027455e-06,
      5.646696990879718e-06,
      5.7644001572043635e-06,
      5.806319222756429e-06,
      5.631170097331051e-06,
      5.804352440463845e-06,
      5.2622694965975825e-06,
      5.404237072070828e-06,
      6.1397668105200864e-06,
      5.321129719959572e-06,
      5.370022336137481e-06,
      5.674111434927909e-06,
      5.679773948941147e-06,
      5.387281817093026e-06,
      5.800934104627231e-06,
      5.7190918596461415e-06,
      5.625533503916813e-06,
      5.4765619097452145e-06,
      5.784052063972922e-06,
      5.853861239302205e-06,
      5.44146587344585e-06,
      5.479150786413811e-06,
      5.540979145735037e-06,
      5.659557245962787e-06,
      5.612376298813615e-06,
      5.274580871628132e-06,
      5.747480827267282e-06,
      5.474121735460358e-06,
      6.098842732171761e-06,
      5.66517064726213e-06,
      5.8481191445025615e-06,
      5.501071882463293e-06,
      5.898099971091142e-06,
      5.181305368751055e-06,
      5.752890501753427e-06,
      5.703031547454884e-06,
      5.3154722081671935e-06,
      5.858918484591413e-06,
      5.765860805695411e-06,
      5.22790287504904e-06,
      5.933947250014171e-06,
      5.334952675184468e-06,
      5.48513162357267e-06,
      5.4785527936473954e-06,
      5.2010282161063515e-06,
      6.088212103350088e-06,
      5.417420197773026e-06,
      5.71079090150306e-06,
      5.320021045918111e-06,
      5.584438895311905e-06,
      5.454116944747511e-06,
      5.186866474105045e-06,
      5.433380920294439e-06,
      5.1472925406415015e-06,
      5.561771558859618e-06,
      5.593406513071386e-06,
      5.645106284646317e-06,
      5.497063284565229e-06,
      5.961070201010443e-06,
      5.715404768125154e-06,
      5.56900022274931e-06,
      5.938074082223466e-06,
      5.435732873593224e-06,
      5.456602593767457e-06,
      5.792065621790243e-06,
      5.7433480833424255e-06,
      5.456498911371455e-06,
      5.496106496138964e-06,
      5.625610810966464e-06,
      5.553324172069551e-06,
      5.465357844514074e-06,
      5.515094926522579e-06,
      5.735147169616539e-06,
      5.5558625717822e-06,
      5.756175596616231e-06,
      5.854544724570587e-06,
      5.001142199034803e-06,
      5.549141405936098e-06,
      5.628539383906173e-06,
      5.666558990924386e-06,
      5.709840934287058e-06,
      5.644915290758945e-06,
      5.613233497570036e-06,
      5.9911371863563545e-06,
      5.612865152215818e-06,
      5.9292069636285305e-06,
      5.749127012677491e-06,
      6.226032382983249e-06,
      5.862590114702471e-06,
      5.780203082395019e-06,
      5.225162567512598e-06,
      5.50435834156815e-06,
      5.777598744316492e-06,
      6.1260243455762975e-06,
      5.894330570299644e-06,
      5.175339083507424e-06,
      5.8408018048794474e-06,
      5.867395884706639e-06,
      5.441364464786602e-06,
      5.94847961110645e-06,
      5.544005944102537e-06,
      5.7050210671150126e-06,
      5.49548894923646e-06,
      5.886062808713177e-06,
      5.344266810425324e-06,
      5.830186637467705e-06,
      6.1233245105540846e-06,
      5.699550456483848e-06,
      5.766056801803643e-06,
      6.116575150372228e-06,
      5.896641141589498e-06,
      5.866400442755548e-06,
      6.081003903091187e-06,
      5.513577889360022e-06,
      5.402577698987443e-06,
      5.5930045164132025e-06,
      5.725263690692373e-06,
      5.934054115641629e-06,
      5.478850653162226e-06,
      5.970646725472761e-06,
      5.562045316764852e-06,
      5.755534857598832e-06,
      5.271787358651636e-06,
      5.655666882375954e-06,
      5.2650611905846745e-06,
      5.552892162086209e-06,
      5.682382834493183e-06,
      5.548570243263384e-06,
      5.6492526709917e-06,
      5.838026936544338e-06,
      5.136012987350114e-06,
      5.565013452724088e-06,
      5.219839295023121e-06,
      5.354190307116369e-06,
      5.395480002334807e-06,
      5.250872618489666e-06,
      5.8318614719610196e-06,
      5.720560693589505e-06,
      5.682838946086122e-06,
      5.5294799494731706e-06,
      5.770742518507177e-06,
      5.480900199472671e-06,
      5.391022568801418e-06,
      5.6561125347798225e-06,
      5.85966563448892e-06,
      6.740081062162062e-06,
      6.11209270573454e-06,
      5.4153165365278255e-06,
      5.633818091155263e-06,
      5.529727332032053e-06,
      5.9913577388215344e-06,
      5.842684913659468e-06,
      5.4961437854217365e-06,
      5.5462865020672325e-06,
      5.304053502186434e-06,
      5.567821972363163e-06,
      5.578938726102933e-06,
      6.238328751351219e-06,
      5.527871962840436e-06,
      5.264949322736356e-06,
      5.176215836399933e-06,
      5.135066203365568e-06,
      5.276234787743306e-06,
      5.808605237689335e-06,
      5.829195288242772e-06,
      5.690501438948559e-06,
      5.9814765336341225e-06,
      5.627550763165345e-06,
      5.515037628356367e-06,
      5.843639428348979e-06,
      6.47335582470987e-06,
      6.197104539751308e-06,
      5.4661959438817576e-06,
      6.211639629327692e-06,
      5.663532192556886e-06,
      5.463106390379835e-06,
      5.65409527553129e-06,
      5.635762136080302e-06,
      5.805737146147294e-06,
      5.4515808187716175e-06,
      5.881184733880218e-06,
      5.862944817636162e-06,
      5.2534019232552964e-06,
      5.413663529907353e-06,
      5.598356437985785e-06,
      5.804740794701502e-06,
      5.940642950008623e-06,
      5.458407031255774e-06,
      5.37592632099404e-06,
      5.884104211872909e-06,
      5.818030786031159e-06,
      6.179849606269272e-06,
      6.21339813733357e-06,
      5.991212674416602e-06,
      6.046847829566104e-06,
      5.390508249547565e-06,
      5.485463134391466e-06,
      5.3525332077697385e-06,
      6.1319160522543825e-06,
      5.318042894941755e-06,
      6.222281626833137e-06,
      5.529407189897029e-06,
      5.852266895089997e-06,
      5.924509423493873e-06,
      5.789298029412748e-06,
      6.2293015616887715e-06,
      5.759909072367009e-06,
      5.405194769991795e-06,
      5.391727881942643e-06,
      5.726016752305441e-06,
      5.4129372983879875e-06,
