{
  "mode": "fit_apply",
  "source_pt": "/home/yancy/work/dm_backdoor_latent_space/experiment-1_19/latents_experiment/generate_GS_w_att.pt",
  "target_pt": "/home/yancy/work/dm_backdoor_latent_space/experiment-1_19/latents_experiment/generate_GAUSS_w_aligned_vis.pt",
  "q_pt": "/home/yancy/work/dm_backdoor_latent_space/experiment-1_19/latents_experiment/oms_Q_GS_w_att_to_gauss_aligned_b128_a0p20.pt",
  "q_meta_json": "",
  "q_seed": 12345,
  "block_mode": "flat_chunk",
  "block_size": 128,
  "blend_alpha": 0.2,
  "match_target_std": true,
  "device": "cpu",
  "dtype": "fp32",
  "strict_shape": true,
  "latent_key": "",
  "latent_shape": [
    16,
    4,
    64,
    64
  ],
  "num_samples": 16,
  "num_dims": 16384,
  "fit_num_samples": 16,
  "fit_device": "cpu",
  "apply_device": "cpu",
  "pre_fit_metrics": {
    "mse": 1.805604338645935,
    "cosine": -7.638405077159405e-05,
    "relative_fro": 1.3465582132339478
  },
  "post_fit_metrics": {
    "mse": 0.4652833938598633,
    "cosine": 0.7462775111198425,
    "relative_fro": 0.6835535764694214
  },
  "norm_stats": {
    "mean_norm_x": 115.17601013183594,
    "mean_norm_xq": 115.17601013183594,
    "mean_norm_y": 127.72915649414062
  },
  "blend_stats": {
    "xq_norm_stats": {
      "mean_norm_x": 115.17601013183594,
      "mean_norm_xq": 115.17601013183594
    },
    "xmix_norm_stats": {
      "mean_norm_x": 115.17601013183594,
      "mean_norm_xq": 95.00273132324219
    }
  },
  "std_match": {
    "std_before_rescale": 0.7421916127204895,
    "std_target": 0.997896134853363,
    "rescale_factor": 1.344526289099723,
    "std_after_rescale": 0.997896134853363,
    "enabled": true,
    "eps": 1e-12
  },
  "orthogonality": {
    "error_mean": 9.132464704464383e-06,
    "error_max": 9.744737326400355e-06,
    "errors_per_block": [
      8.701253136678133e-06,
      9.016587682708632e-06,
      9.05731303646462e-06,
      8.970700037025381e-06,
      9.442092959943693e-06,
      9.32468356040772e-06,
      9.132166269409936e-06,
      9.355337169836275e-06,
      8.96687288332032e-06,
      8.884447197488043e-06,
      8.951054951467086e-06,
      9.494802725384943e-06,
      9.057205716089811e-06,
      9.105394383368548e-06,
      9.056169801624492e-06,
      9.142609087575693e-06,
      9.698902431409806e-06,
      8.944101864472032e-06,
      8.839893780532293e-06,
      9.009997484099586e-06,
      9.067663086170796e-06,
      9.40893187362235e-06,
      9.024552127812058e-06,
      9.744737326400355e-06,
      8.896016879589297e-06,
      9.078788934857585e-06,
      8.96386154636275e-06,
      9.041421435540542e-06,
      9.32552939048037e-06,
      9.34549552766839e-06,
      9.189037882606499e-06,
      9.146269803750329e-06,
      9.666512596595567e-06,
      9.195600796374492e-06,
      8.831466402625665e-06,
      9.21348782867426e-06,
      9.204589332512114e-06,
      8.732537025935017e-06,
      9.229064744431525e-06,
      9.237009180651512e-06,
      9.007749213196803e-06,
      8.856150088831782e-06,
      9.23116476769792e-06,
      8.982649887911975e-06,
      9.003406375995837e-06,
      9.374312867294066e-06,
      9.093997505260631e-06,
      9.192572179017588e-06,
      9.55651921685785e-06,
      9.176920684694778e-06,
      9.510443305771332e-06,
      9.265866538044065e-06,
      9.115734428633004e-06,
      9.587668500898872e-06,
      9.340614269603975e-06,
      9.241203770216089e-06,
      9.312030670116656e-06,
      9.09606387722306e-06,
      9.134006177191623e-06,
      9.191243407258298e-06,
      9.241842235496733e-06,
      8.93403648660751e-06,
      8.88831891643349e-06,
      8.856599379214458e-06,
      9.177510037261527e-06,
      9.104213859245647e-06,
      9.124496500589885e-06,
      8.909049938665703e-06,
      9.42199767450802e-06,
      9.075110028788913e-06,
      8.841571798257064e-06,
      9.102664080273826e-06,
      9.554817552270833e-06,
      8.956117198977154e-06,
      8.861584319674876e-06,
      8.962791980593465e-06,
      9.03927593753906e-06,
      9.089703780773561e-06,
      9.305003914050758e-06,
      9.355519978271332e-06,
      9.132329068961553e-06,
      9.332637091574725e-06,
      9.06732657313114e-06,
      9.488709110883065e-06,
      9.208826668327674e-06,
      9.035738003149163e-06,
      8.810940926196054e-06,
      8.88869817572413e-06,
      9.469109500059858e-06,
      9.322528057964519e-06,
      9.020053767017089e-06,
      9.064996447705198e-06,
      8.977916877483949e-06,
      9.041294106282294e-06,
      9.29786892811535e-06,
      9.106447578233201e-06,
      8.924240319174714e-06,
      9.016366675496101e-06,
      8.952552889240906e-06,
      9.698600479168817e-06,
      9.48427987168543e-06,
      9.09701793716522e-06,
      9.059726835403126e-06,
      9.134520041698124e-06,
      9.167876669380348e-06,
      9.064136975212023e-06,
      9.066327947948594e-06,
      9.102243893721607e-06,
      8.90649880602723e-06,
      9.034145477926359e-06,
      8.923670975491405e-06,
      9.181585483020172e-06,
      9.42513725021854e-06,
      9.117185072682332e-06,
      8.946179150370881e-06,
      9.02675401448505e-06,
      8.888690899766516e-06,
      9.108866834139917e-06,
      9.086616046261042e-06,
      8.660400453663897e-06,
      8.900716238713358e-06,
      9.288618457503617e-06,
      9.030106411955785e-06,
      8.846976015774999e-06,
      9.245124601875432e-06,
      9.073024557437748e-06,
      9.3897206170368e-06,
      9.075450179807376e-06
    ]
  },
  "time_cost_sec": {
    "fit": 8.102299213409424,
    "total": 8.337190389633179
  },
  "out_pt": "/home/yancy/work/dm_backdoor_latent_space/experiment-1_19/latents_experiment/generate_GS_w_att_oms_gauss_aligned_b128_a0p20.pt",
  "out_q_pt": "/home/yancy/work/dm_backdoor_latent_space/experiment-1_19/latents_experiment/oms_Q_GS_w_att_to_gauss_aligned_b128_a0p20.pt"
}