{
  "mode": "fit_apply",
  "source_pt": "/home/yancy/work/dm_backdoor_latent_space/experiment-1_19/latents_experiment/generate_T2S_w_att.pt",
  "target_pt": "/home/yancy/work/dm_backdoor_latent_space/experiment-1_19/latents_experiment/generate_GAUSS_w_aligned_vis.pt",
  "q_pt": "/home/yancy/work/dm_backdoor_latent_space/experiment-1_19/latents_experiment/oms_Q_T2S_w_att_to_gauss_aligned_b64_a0p20.pt",
  "q_meta_json": "",
  "q_seed": 12345,
  "block_mode": "flat_chunk",
  "block_size": 64,
  "blend_alpha": 0.2,
  "match_target_std": true,
  "device": "cpu",
  "dtype": "fp32",
  "strict_shape": true,
  "latent_key": "",
  "latent_shape": [
    16,
    4,
    64,
    64
  ],
  "num_samples": 16,
  "num_dims": 16384,
  "fit_num_samples": 16,
  "fit_device": "cpu",
  "apply_device": "cpu",
  "pre_fit_metrics": {
    "mse": 1.870617389678955,
    "cosine": -0.0016499641351401806,
    "relative_fro": 1.370586633682251
  },
  "post_fit_metrics": {
    "mse": 0.14478790760040283,
    "cosine": 0.9245291948318481,
    "relative_fro": 0.38131168484687805
  },
  "norm_stats": {
    "mean_norm_x": 119.50827026367188,
    "mean_norm_xq": 119.50827026367188,
    "mean_norm_y": 127.72915649414062
  },
  "blend_stats": {
    "xq_norm_stats": {
      "mean_norm_x": 119.50827026367188,
      "mean_norm_xq": 119.50827026367188
    },
    "xmix_norm_stats": {
      "mean_norm_x": 119.50827026367188,
      "mean_norm_xq": 98.53005981445312
    }
  },
  "std_match": {
    "std_before_rescale": 0.7697767615318298,
    "std_target": 0.997896134853363,
    "rescale_factor": 1.2963448427129536,
    "std_after_rescale": 0.997896134853363,
    "enabled": true,
    "eps": 1e-12
  },
  "orthogonality": {
    "error_mean": 6.264160292701604e-06,
    "error_max": 7.448825726896757e-06,
    "errors_per_block": [
      6.597140782105271e-06,
      6.5481449382787105e-06,
      5.750138370785862e-06,
      6.576615305675659e-06,
      5.7231895880249795e-06,
      6.294622380664805e-06,
      6.1890318647783715e-06,
      6.581295110663632e-06,
      6.415026746253716e-06,
      6.332830253086286e-06,
      6.570697223651223e-06,
      6.0590673456317745e-06,
      6.511653737106826e-06,
      5.985478310321923e-06,
      6.2511185205949005e-06,
      6.367009973473614e-06,
      6.0412758102756925e-06,
      6.438246145989979e-06,
      5.861720183020225e-06,
      6.681266313535161e-06,
      6.338461389532313e-06,
      6.4968407968990505e-06,
      6.396205662895227e-06,
      6.0441193454607856e-06,
      6.620866770390421e-06,
      6.309703167062253e-06,
      5.77654600419919e-06,
      6.078835212974809e-06,
      6.804974418628262e-06,
      5.776449597760802e-06,
      6.000764642521972e-06,
      6.536342880281154e-06,
      6.24416225036839e-06,
      6.597624633286614e-06,
      6.265744104894111e-06,
      6.400035545084393e-06,
      6.542824394273339e-06,
      6.6561319727043156e-06,
      6.059452971385326e-06,
      7.012838523223763e-06,
      6.987222604948329e-06,
      6.2287567743624095e-06,
      6.589633812836837e-06,
      5.920033800066449e-06,
      6.318920895864721e-06,
      6.424719686037861e-06,
      6.322307854134124e-06,
      5.986954874970252e-06,
      6.79401045999839e-06,
      6.12306575931143e-06,
      6.4407900026708376e-06,
      6.505097189801745e-06,
      6.382768333423883e-06,
      5.807242359878728e-06,
      5.833572686242405e-06,
      6.585636128875194e-06,
      5.904313184146304e-06,
      6.242882591322996e-06,
      6.630119514738908e-06,
      6.100627160776639e-06,
      6.2393628468271345e-06,
      5.871029316040222e-06,
      6.206896614457946e-06,
      5.835141109855613e-06,
      6.018814929120708e-06,
      6.034365014784271e-06,
      6.577061412826879e-06,
      6.22830566499033e-06,
      6.34444131719647e-06,
      6.4285381995432544e-06,
      6.13229940427118e-06,
      6.294439572229749e-06,
      6.308469437499298e-06,
      5.9390322348917834e-06,
      6.414194558601594e-06,
      6.637262231379282e-06,
      6.00720159127377e-06,
      6.039951585989911e-06,
      6.758688869012985e-06,
      6.2410531427303795e-06,
      6.13486963629839e-06,
      6.3033517108124215e-06,
      5.9453404901432805e-06,
      5.7471452237223275e-06,
      6.5146523411385715e-06,
      6.291970294114435e-06,
      6.051686341379536e-06,
      5.939699349255534e-06,
      5.923976459598634e-06,
      6.170300366648007e-06,
      6.5619510678516235e-06,
      5.958699148322921e-06,
      6.0336737988109235e-06,
      5.9363405853218865e-06,
      6.018914973537903e-06,
      5.527254870685283e-06,
      6.218355338205583e-06,
      6.13687552686315e-06,
      6.203348220878979e-06,
      6.527036475745263e-06,
      6.18741523794597e-06,
      6.153760296001565e-06,
      6.877019586681854e-06,
      6.396940534614259e-06,
      6.947402653167956e-06,
      6.6098068600695115e-06,
      5.9445310398587026e-06,
      6.060633040760877e-06,
      6.5111034928122535e-06,
      6.488953658845276e-06,
      5.975521162326913e-06,
      6.514526376122376e-06,
      5.960188445897074e-06,
      5.9515446082514245e-06,
      6.280206889641704e-06,
      5.8189966694044415e-06,
      6.233462499949383e-06,
      6.232371106307255e-06,
      5.938215508649591e-06,
      6.421149919333402e-06,
      6.557378128491109e-06,
      6.466858394560404e-06,
      6.284204573603347e-06,
      6.618618954234989e-06,
      6.000330813549226e-06,
      6.349433988361852e-06,
      6.45826366962865e-06,
      6.354176548484247e-06,
      6.764949375792639e-06,
      6.098906851548236e-06,
      6.552363174705533e-06,
      6.434680472011678e-06,
      6.0601769291679375e-06,
      6.625994501519017e-06,
      6.557624146807939e-06,
      6.214010682015214e-06,
      6.221753210411407e-06,
      5.811161372548668e-06,
      5.6845979088393506e-06,
      5.959650025033625e-06,
      5.916100235481281e-06,
      6.615160145884147e-06,
      6.799934453738388e-06,
      6.150393346615601e-06,
      6.550113084813347e-06,
      6.244122687348863e-06,
      5.857965788891306e-06,
      5.9576968851615675e-06,
      6.125069376139436e-06,
      6.35229525869363e-06,
      6.434047918446595e-06,
      6.35883088762057e-06,
      6.316538019746076e-06,
      6.088008376536891e-06,
      6.564636350958608e-06,
      6.104606200096896e-06,
      5.849166882399004e-06,
      6.731872417731211e-06,
      6.001997007842874e-06,
      5.945594693912426e-06,
      6.387080702552339e-06,
      5.910263553232653e-06,
      6.068017228244571e-06,
      6.067215963412309e-06,
      5.964901902189013e-06,
      6.118797955423361e-06,
      6.038158971932717e-06,
      6.572682195837842e-06,
      5.8206705944030546e-06,
      6.238823516468983e-06,
      5.95420488025411e-06,
      5.940608389209956e-06,
      5.920807325310307e-06,
      6.56447309665964e-06,
      5.623113338515395e-06,
      6.217708687472623e-06,
      5.989476903778268e-06,
      6.649792794632958e-06,
      6.5859871938300785e-06,
      5.931343821430346e-06,
      6.402809049177449e-06,
      5.713357950298814e-06,
      6.439502612920478e-06,
      5.986628366372315e-06,
      6.716940333717503e-06,
      6.207246315170778e-06,
      6.326293714664644e-06,
      6.500288236566121e-06,
      6.310115168162156e-06,
      6.37229186395416e-06,
      6.29165970167378e-06,
      5.801033694297075e-06,
      5.941465587966377e-06,
      6.207577825989574e-06,
      6.288737949944334e-06,
      5.884062375116628e-06,
      6.154543370939791e-06,
      6.389631380443461e-06,
      6.215308076207293e-06,
      6.7679884523386136e-06,
      5.560784757108195e-06,
      6.265248430281645e-06,
      5.674335625371896e-06,
      6.534980457217898e-06,
      6.132514045020798e-06,
      6.136830052128062e-06,
      5.614761903416365e-06,
      6.399122412403813e-06,
      6.394970114342868e-06,
      6.515899713122053e-06,
      6.433668204408605e-06,
      6.945851055206731e-06,
