{
  "mode": "fit_apply",
  "source_pt": "/home/yancy/work/dm_backdoor_latent_space/experiment-1_19/latents_experiment/generate_GS_w_att.pt",
  "target_pt": "/home/yancy/work/dm_backdoor_latent_space/experiment-1_19/latents_experiment/generate_GS_w.pt",
  "q_pt": "/home/yancy/work/dm_backdoor_latent_space/experiment-1_19/latents_experiment/oms_Q_GS.pt",
  "q_meta_json": "",
  "q_seed": 12345,
  "block_mode": "flat_chunk",
  "block_size": 64,
  "blend_alpha": 0.2,
  "match_target_std": true,
  "device": "cpu",
  "dtype": "fp32",
  "strict_shape": true,
  "latent_key": "",
  "latent_shape": [
    16,
    4,
    64,
    64
  ],
  "num_samples": 16,
  "num_dims": 16384,
  "fit_num_samples": 16,
  "fit_device": "cpu",
  "apply_device": "cpu",
  "pre_fit_metrics": {
    "mse": 0.6655430197715759,
    "cosine": 0.6358609199523926,
    "relative_fro": 0.8156522512435913
  },
  "post_fit_metrics": {
    "mse": 0.0609796978533268,
    "cosine": 0.9717400074005127,
    "relative_fro": 0.2468937635421753
  },
  "norm_stats": {
    "mean_norm_x": 115.17601013183594,
    "mean_norm_xq": 115.17601013183594,
    "mean_norm_y": 128.02279663085938
  },
  "blend_stats": {
    "xq_norm_stats": {
      "mean_norm_x": 115.17601013183594,
      "mean_norm_xq": 115.17601013183594
    },
    "xmix_norm_stats": {
      "mean_norm_x": 115.17601013183594,
      "mean_norm_xq": 108.3660888671875
    }
  },
  "std_match": {
    "std_before_rescale": 0.8465738296508789,
    "std_target": 1.0001256465911865,
    "rescale_factor": 1.1813803020611326,
    "std_after_rescale": 1.0001256465911865,
    "enabled": true,
    "eps": 1e-12
  },
  "orthogonality": {
    "error_mean": 5.648923091072788e-06,
    "error_max": 6.557885171787348e-06,
    "errors_per_block": [
      5.245191459835041e-06,
      5.4651350183121394e-06,
      5.5128298299678136e-06,
      5.839291134179803e-06,
      5.319063802744495e-06,
      5.360104751161998e-06,
      5.3701646720583085e-06,
      5.758718089055037e-06,
      6.0984598349023145e-06,
      5.963251624052646e-06,
      5.53509198653046e-06,
      5.649058039125521e-06,
      6.224954177014297e-06,
      5.637313734041527e-06,
      5.299813437886769e-06,
      5.299349595588865e-06,
      5.250338290352374e-06,
      5.554065864998847e-06,
      5.551169579121051e-06,
      5.4515608098881785e-06,
      5.492873242474161e-06,
      5.812280051031848e-06,
      5.4343058764061425e-06,
      5.902654720557621e-06,
      5.5305135902017355e-06,
      5.554326889978256e-06,
      6.2649010033055674e-06,
      5.460437023430131e-06,
      5.712501206289744e-06,
      5.575586328632198e-06,
      5.596043138211826e-06,
      5.153740403329721e-06,
      6.090312581363833e-06,
      5.295095434121322e-06,
      5.551832600758644e-06,
      5.364299795473926e-06,
      5.517737918125931e-06,
      5.608006176771596e-06,
      5.56700479137362e-06,
      5.831309408677043e-06,
      5.667212917614961e-06,
      5.779598723165691e-06,
      5.698741460946621e-06,
      5.674631211149972e-06,
      5.179713298275601e-06,
      5.836676791659556e-06,
      5.410744506662013e-06,
      5.7739771364140324e-06,
      6.162071713333717e-06,
      6.1338269006228074e-06,
      5.304198111844016e-06,
      5.859068551217206e-06,
      5.777672868134687e-06,
      5.878617230337113e-06,
      5.2453951866482385e-06,
      5.835835963807767e-06,
      5.216833415033761e-06,
      6.061768999643391e-06,
      6.17974592387327e-06,
      6.188956831465475e-06,
      5.298194537317613e-06,
      5.464334208227228e-06,
      5.598613824986387e-06,
      5.70518386666663e-06,
      5.8046457525051665e-06,
      5.42436282557901e-06,
      5.328599854692584e-06,
      5.660949227603851e-06,
      5.55981296201935e-06,
      5.897778009966714e-06,
      5.417718966782559e-06,
      5.624084678856889e-06,
      6.557885171787348e-06,
      5.867293111805338e-06,
      5.635654360958142e-06,
      5.441918801807333e-06,
      5.2637792578025255e-06,
      6.170700544316787e-06,
      5.862429588887608e-06,
      5.417718057287857e-06,
      5.632015017908998e-06,
      5.714206054108217e-06,
      5.892804438190069e-06,
      6.054905497876462e-06,
      5.351623258320615e-06,
      5.4267597988655325e-06,
      5.372308805817738e-06,
      5.704924660676625e-06,
      5.750455784436781e-06,
      5.738062554883072e-06,
      5.480800155055476e-06,
      5.564228104049107e-06,
      5.349672392185312e-06,
      5.3572834985970985e-06,
      5.5948430599528365e-06,
      5.7529891819285695e-06,
      5.4484644351759925e-06,
      6.087454494263511e-06,
      5.793652235297486e-06,
      5.2944601520721335e-06,
      5.877757303096587e-06,
      6.173552264954196e-06,
      5.625030553346733e-06,
      5.829156179970596e-06,
      5.263112143438775e-06,
      5.614398560283007e-06,
      5.541572591027943e-06,
      5.146681814949261e-06,
      5.563652393902885e-06,
      6.254043000808451e-06,
      5.435242201201618e-06,
      5.495644018083112e-06,
      6.1414666561177e-06,
      6.2894655457057524e-06,
      5.769429662905168e-06,
      5.514863005373627e-06,
      5.3329872571339365e-06,
      6.011494406266138e-06,
      5.875220722373342e-06,
      5.625728590530343e-06,
      5.551123649638612e-06,
      5.897927621845156e-06,
      5.737695119023556e-06,
      5.380898073781282e-06,
      5.581602181337075e-06,
      5.4400293265643995e-06,
      5.751789558416931e-06,
      5.430738838185789e-06,
      5.852212325407891e-06,
      5.905776561121456e-06,
      5.610801053990144e-06,
      5.878006504644873e-06,
      5.498573955264874e-06,
      5.605495971394703e-06,
      5.53678455617046e-06,
      5.871866051165853e-06,
      5.8637851907406e-06,
      5.33998627361143e-06,
      5.957634584774496e-06,
      5.922897798882332e-06,
      5.4996444305288605e-06,
      5.529698682948947e-06,
      5.4808833738206886e-06,
      5.688261353498092e-06,
      5.412900463852566e-06,
      5.270042493066285e-06,
      5.56961595066241e-06,
      5.681414677383145e-06,
      5.578773198067211e-06,
      5.352010248316219e-06,
      5.069286089565139e-06,
      5.709568540623877e-06,
      5.64103447686648e-06,
      6.049212970538065e-06,
      5.179132131161168e-06,
      5.8979053392249625e-06,
      5.357132067729253e-06,
      5.3230978664942086e-06,
      5.805055025120964e-06,
      5.27374913872336e-06,
      5.687848897650838e-06,
      5.158507974556414e-06,
      6.161774308566237e-06,
      5.595830316451611e-06,
      5.880110165890073e-06,
      5.9776912166853435e-06,
      6.014284736011177e-06,
      5.2978284657001495e-06,
      5.979617071716348e-06,
      5.470679298014147e-06,
      5.496734502230538e-06,
      5.261467322270619e-06,
      5.368998245103285e-06,
      5.203152795729693e-06,
      5.379698450269643e-06,
      5.548075932892971e-06,
      6.450219643738819e-06,
      5.995125320623629e-06,
      5.608529590972466e-06,
      5.852289632457541e-06,
      5.804135980724823e-06,
      5.395556399889756e-06,
      5.368789061321877e-06,
      5.67353254155023e-06,
      5.700349447579356e-06,
      5.4964884839137085e-06,
      5.563768354477361e-06,
      5.638412403641269e-06,
      5.805525233881781e-06,
      5.723715275962604e-06,
      5.912666438234737e-06,
      5.388802946981741e-06,
      5.433471869764617e-06,
      5.582925950875506e-06,
      5.635200068354607e-06,
      6.0836800912511535e-06,
      5.681738912244327e-06,
      5.232799139776034e-06,
      5.4321990319294855e-06,
      5.491243882715935e-06,
      5.5075511227187235e-06,
      5.406965101428796e-06,
      5.5735094974807e-06,
      5.572543159360066e-06,
      5.655937457049731e-06,
      5.662852345267311e-06,
      5.702477210434154e-06,
      5.811714345327346e-06,
      5.583255187957548e-06,
      5.540360689337831e-06,
      5.573636371991597e-06,
      5.9107264860358555e-06,
      6.181687240314204e-06,
      5.749580850533675e-06,
