{
  "mode": "fit_apply",
  "source_pt": "/home/yancy/work/dm_backdoor_latent_space/experiment-1_19/latents_experiment/generate_GS_w_att.pt",
  "target_pt": "/home/yancy/work/dm_backdoor_latent_space/experiment-1_19/latents_experiment/generate_Guass.pt",
  "q_pt": "/home/yancy/work/dm_backdoor_latent_space/experiment-1_19/latents_experiment/oms_Q_GS_to_gauss.pt",
  "q_meta_json": "",
  "q_seed": 12345,
  "block_mode": "flat_chunk",
  "block_size": 64,
  "blend_alpha": 0.2,
  "match_target_std": true,
  "device": "cpu",
  "dtype": "fp32",
  "strict_shape": true,
  "latent_key": "",
  "latent_shape": [
    16,
    4,
    64,
    64
  ],
  "num_samples": 16,
  "num_dims": 16384,
  "fit_num_samples": 16,
  "fit_device": "cpu",
  "apply_device": "cpu",
  "pre_fit_metrics": {
    "mse": 1.8127682209014893,
    "cosine": -0.00096037209732458,
    "relative_fro": 1.34548020362854
  },
  "post_fit_metrics": {
    "mse": 0.5082258582115173,
    "cosine": 0.7234447002410889,
    "relative_fro": 0.7124174237251282
  },
  "norm_stats": {
    "mean_norm_x": 115.17601013183594,
    "mean_norm_xq": 115.17601776123047,
    "mean_norm_y": 128.08514404296875
  },
  "blend_stats": {
    "xq_norm_stats": {
      "mean_norm_x": 115.17601013183594,
      "mean_norm_xq": 115.17601776123047
    },
    "xmix_norm_stats": {
      "mean_norm_x": 115.17601013183594,
      "mean_norm_xq": 94.8851318359375
    }
  },
  "std_match": {
    "std_before_rescale": 0.7412603497505188,
    "std_target": 1.0006766319274902,
    "rescale_factor": 1.3499664891868715,
    "std_after_rescale": 1.0006766319274902,
    "enabled": true,
    "eps": 1e-12
  },
  "orthogonality": {
    "error_mean": 5.670315324834974e-06,
    "error_max": 6.529306574520888e-06,
    "errors_per_block": [
      5.863590558874421e-06,
      5.46464798389934e-06,
      5.272685029922286e-06,
      5.901702934352215e-06,
      5.7577190091251396e-06,
      5.673410669260193e-06,
      5.74738760406035e-06,
      5.906377282371977e-06,
      5.78495883019059e-06,
      5.341009455150925e-06,
      5.933834927418502e-06,
      5.520340891962405e-06,
      5.483617314894218e-06,
      5.527534085558727e-06,
      5.482574579218635e-06,
      5.525910182768712e-06,
      5.667716777679743e-06,
      5.724683887819992e-06,
      5.907377271796577e-06,
      5.955178494332358e-06,
      5.556559244723758e-06,
      5.844579391123261e-06,
      5.622741809929721e-06,
      5.955411779723363e-06,
      5.782999778602971e-06,
      6.357801339618163e-06,
      5.084306394564919e-06,
      5.31410069015692e-06,
      5.435044840851333e-06,
      5.937853529758286e-06,
      5.8785876717593055e-06,
      5.4656156862620264e-06,
      5.623015113087604e-06,
      5.895797585253604e-06,
      5.984129074931843e-06,
      5.488832357514184e-06,
      5.694621904694941e-06,
      5.688921646651579e-06,
      6.12178837400279e-06,
      5.84284998694784e-06,
      5.897289611311862e-06,
      5.839678124175407e-06,
      5.267927008389961e-06,
      5.422308731795056e-06,
      5.650915682053892e-06,
      5.6080566537275445e-06,
      5.649686499964446e-06,
      5.749886895500822e-06,
      5.780399078503251e-06,
      5.351291292754468e-06,
      5.867161235073581e-06,
      5.981045433145482e-06,
      5.50013646716252e-06,
      5.295266873872606e-06,
      5.812000836158404e-06,
      5.580728611676022e-06,
      5.943876203673426e-06,
      5.656741905113449e-06,
      5.681544735125499e-06,
      5.5970381254155654e-06,
      5.244727162789786e-06,
      5.461965429276461e-06,
      5.627352038573008e-06,
      5.5939776757440995e-06,
      5.892236004001461e-06,
      5.665454864356434e-06,
      5.3412463785207365e-06,
      6.122435024735751e-06,
      5.811883511341875e-06,
      5.526233508135192e-06,
      5.500894985743798e-06,
      5.547944056161214e-06,
      6.006310741213383e-06,
      5.348433205654146e-06,
      5.430093551694881e-06,
      5.825027528771898e-06,
      5.879055606783368e-06,
      6.104132353357272e-06,
      5.9384433370723855e-06,
      5.2763161875191145e-06,
      6.416273208742496e-06,
      5.585707185673527e-06,
      6.149798991827993e-06,
      5.4441388783743605e-06,
      5.449493528431049e-06,
      5.851713922311319e-06,
      5.762839464296121e-06,
      5.573236649070168e-06,
      5.761890406574821e-06,
      5.888116902497131e-06,
      5.882091045350535e-06,
      5.316958777257241e-06,
      5.317365776136285e-06,
      5.562204478337662e-06,
      5.718175543734105e-06,
      5.914996563660679e-06,
      5.299290023685899e-06,
      5.813852112623863e-06,
      5.792620868305676e-06,
      5.863004389539128e-06,
      5.899808911635773e-06,
      5.7281840781797655e-06,
      5.372517989599146e-06,
      5.413833150669234e-06,
      6.125922027422348e-06,
      5.785834673588397e-06,
      5.929494818701642e-06,
      5.816986686113523e-06,
      5.662496278091567e-06,
      5.463090928969905e-06,
      5.82380243940861e-06,
      5.740192591474624e-06,
      6.022868092259159e-06,
      5.420233719632961e-06,
      5.603177669399884e-06,
      5.955069809715496e-06,
      5.950195372861344e-06,
      5.335356945579406e-06,
      5.617760507448111e-06,
      5.467468781716889e-06,
      6.263495379243977e-06,
      5.6242188293254e-06,
      5.423658876679838e-06,
      5.78101935388986e-06,
      5.716215582651785e-06,
      5.326713562681107e-06,
      5.639995833917055e-06,
      5.49025662621716e-06,
      5.175701517146081e-06,
      5.44547219760716e-06,
      6.119997578934999e-06,
      5.400449936132645e-06,
      6.112749815656571e-06,
      6.091376690164907e-06,
      5.573989710683236e-06,
      5.780765150120715e-06,
      5.341382802726002e-06,
      5.946363671682775e-06,
      5.78217850488727e-06,
      5.682167284248862e-06,
      5.819310899823904e-06,
      5.264624178380473e-06,
      5.726340532419272e-06,
      5.737318588217022e-06,
      5.686939857696416e-06,
      5.592616616922896e-06,
      5.447568128147395e-06,
      5.374485681386432e-06,
      5.288160991767654e-06,
      5.742789653595537e-06,
      5.709588094759965e-06,
      5.572137979470426e-06,
      5.515174507308984e-06,
      5.5297082326433156e-06,
      5.5183536460390314e-06,
      5.393651008489542e-06,
      5.186994258110644e-06,
      5.707991476811003e-06,
      5.749176580138737e-06,
      5.529098416445777e-06,
      5.86089709031512e-06,
      5.631582098430954e-06,
      5.7993784139398485e-06,
      5.303435045789229e-06,
      5.9655794757418334e-06,
      5.797337053081719e-06,
      5.35266235601739e-06,
      5.733909347327426e-06,
      5.787164354842389e-06,
      5.583730398939224e-06,
      6.133720944490051e-06,
      5.610040261672111e-06,
      6.182374363561394e-06,
      5.998361302772537e-06,
      6.229288828762947e-06,
      5.607959792541806e-06,
      5.755799520557048e-06,
      5.554993094847305e-06,
      5.901062650082167e-06,
      5.890656666451832e-06,
      5.6516105360060465e-06,
      5.501178293343401e-06,
      5.751236130890902e-06,
      5.411027359514264e-06,
      5.396846972871572e-06,
      5.761495231126901e-06,
      5.73184934182791e-06,
      5.790814157080604e-06,
      5.911040261707967e-06,
      5.491478532348992e-06,
      5.715533461625455e-06,
      5.735638296755496e-06,
      5.409081950347172e-06,
      5.878417596250074e-06,
      5.371401130105369e-06,
      5.462891294882866e-06,
      5.579477146966383e-06,
      5.328158295014873e-06,
      5.277024229144445e-06,
      5.313784186000703e-06,
      5.494999186339555e-06,
      5.707831860490842e-06,
      5.825756488775369e-06,
      5.2898822104907595e-06,
      6.118865258031292e-06,
      5.507032255991362e-06,
      5.691028491128236e-06,
      5.522837000171421e-06,
      5.533720468520187e-06,
      5.679809419234516e-06,
      5.072044132248266e-06,
      5.737987066822825e-06,
      5.828102530358592e-06,
      5.323836830939399e-06,
