{
  "mode": "fit_apply",
  "source_pt": "/home/yancy/work/dm_backdoor_latent_space/experiment-1_19/latents_experiment/generate_TR_w_att.pt",
  "target_pt": "/home/yancy/work/dm_backdoor_latent_space/experiment-1_19/latents_experiment/generate_GAUSS_w_aligned_vis.pt",
  "q_pt": "/home/yancy/work/dm_backdoor_latent_space/experiment-1_19/latents_experiment/oms_Q_TR_w_att_to_gauss_aligned.pt",
  "q_meta_json": "",
  "q_seed": 12345,
  "block_mode": "flat_chunk",
  "block_size": 64,
  "blend_alpha": 0.2,
  "match_target_std": true,
  "device": "cpu",
  "dtype": "fp32",
  "strict_shape": true,
  "latent_key": "",
  "latent_shape": [
    16,
    4,
    64,
    64
  ],
  "num_samples": 16,
  "num_dims": 16384,
  "fit_num_samples": 16,
  "fit_device": "cpu",
  "apply_device": "cpu",
  "pre_fit_metrics": {
    "mse": 1.808493733406067,
    "cosine": 0.00134019716642797,
    "relative_fro": 1.3476358652114868
  },
  "post_fit_metrics": {
    "mse": 0.1402665674686432,
    "cosine": 0.927200973033905,
    "relative_fro": 0.3753105700016022
  },
  "norm_stats": {
    "mean_norm_x": 115.5592269897461,
    "mean_norm_xq": 115.55921936035156,
    "mean_norm_y": 127.72915649414062
  },
  "blend_stats": {
    "xq_norm_stats": {
      "mean_norm_x": 115.5592269897461,
      "mean_norm_xq": 115.55921936035156
    },
    "xmix_norm_stats": {
      "mean_norm_x": 115.5592269897461,
      "mean_norm_xq": 95.33804321289062
    }
  },
  "std_match": {
    "std_before_rescale": 0.7447694540023804,
    "std_target": 0.997896134853363,
    "rescale_factor": 1.3398725330225933,
    "std_after_rescale": 0.997896134853363,
    "enabled": true,
    "eps": 1e-12
  },
  "orthogonality": {
    "error_mean": 6.288007476484836e-06,
    "error_max": 7.387732694041915e-06,
    "errors_per_block": [
      6.364636192301987e-06,
      6.564901923411526e-06,
      6.048123850632692e-06,
      6.023170499247499e-06,
      6.415018106054049e-06,
      5.6848825806810055e-06,
      6.740617664036108e-06,
      6.237422439880902e-06,
      6.124066658230731e-06,
      6.194850357132964e-06,
      6.822998784627998e-06,
      6.2043400248512626e-06,
      7.387732694041915e-06,
      6.220446266524959e-06,
      6.37420498605934e-06,
      6.10817869528546e-06,
      6.23811911282246e-06,
      6.149170076241717e-06,
      6.212253538251389e-06,
      6.552569630002836e-06,
      6.520947408716893e-06,
      6.188910447235685e-06,
      6.7855439738195855e-06,
      6.1482455748773646e-06,
      6.151345132821007e-06,
      5.672404768120032e-06,
      6.573268365173135e-06,
      6.819239843025571e-06,
      6.342218966892688e-06,
      6.529073289129883e-06,
      5.830898317071842e-06,
      6.479688181570964e-06,
      6.224489879969042e-06,
      6.409403795260005e-06,
      6.125726940808818e-06,
      5.914852408750448e-06,
      5.996052550472086e-06,
      6.19904449195019e-06,
      6.7411933741823304e-06,
      6.218625003384659e-06,
      6.203452812769683e-06,
      7.147803898988059e-06,
      6.29422993370099e-06,
      6.3579641391697805e-06,
      6.672881227132166e-06,
      6.335086254694033e-06,
      6.38890742266085e-06,
      6.401865903171711e-06,
      6.582527930731885e-06,
      6.757532446499681e-06,
      5.654724191117566e-06,
      6.040001153451158e-06,
      6.518193458759924e-06,
      7.153549631766509e-06,
      5.968590357952053e-06,
      6.774696885258891e-06,
      6.848546945548151e-06,
      6.44700867269421e-06,
      6.181175649544457e-06,
      6.299372671492165e-06,
      6.507333182526054e-06,
      5.801095085189445e-06,
      6.323391517071286e-06,
      6.71677980790264e-06,
      6.461478278652066e-06,
      6.0083402786403894e-06,
      6.305666374828434e-06,
      6.027010840625735e-06,
      6.251512331800768e-06,
      6.679612397419987e-06,
      5.843620783707593e-06,
      5.911046173423529e-06,
      6.5192784859391395e-06,
      6.7937594394607e-06,
      6.6063539634342305e-06,
      6.087700512580341e-06,
      6.161773399071535e-06,
      5.912397682550363e-06,
      6.526421202579513e-06,
      5.871080247743521e-06,
      6.412979473680025e-06,
      6.3380416577274445e-06,
      6.208455488376785e-06,
      6.765937087038765e-06,
      6.687873792543542e-06,
      5.995239916956052e-06,
      7.221532086987281e-06,
      5.973965926386882e-06,
      6.546319127664901e-06,
      6.395614946086425e-06,
      6.250053957046475e-06,
      5.752057404606603e-06,
      6.232417035789695e-06,
      6.150512490421534e-06,
      5.9787325881188735e-06,
      5.97764847043436e-06,
      6.728231255692663e-06,
      5.88830107517424e-06,
      6.09277367402683e-06,
      6.144341568870004e-06,
      6.044184374331962e-06,
      6.53932147542946e-06,
      6.363486590998946e-06,
      6.133852366474457e-06,
      5.989779765513958e-06,
      6.44049350739806e-06,
      6.404797204595525e-06,
      6.190891781443497e-06,
      6.435594059439609e-06,
      6.386159384419443e-06,
      6.9029397309350315e-06,
      6.253189894778188e-06,
      6.302640940702986e-06,
      5.555011739488691e-06,
      6.229939117474714e-06,
      6.561349891853752e-06,
      5.917925136600388e-06,
      5.862485522811767e-06,
      6.630133157159435e-06,
      6.595199920411687e-06,
      6.006348939990858e-06,
      5.975461590423947e-06,
      5.9404897001513746e-06,
      6.085764198360266e-06,
      5.931772193434881e-06,
      6.140201548987534e-06,
      6.121683327364735e-06,
      7.35766889192746e-06,
      6.568938715645345e-06,
      6.322190074570244e-06,
      6.100311111367773e-06,
      6.628657502005808e-06,
      5.82038092034054e-06,
      6.359064627758926e-06,
      5.70176234759856e-06,
      6.554535048053367e-06,
      5.760512976848986e-06,
      6.112396022217581e-06,
      6.684586423943983e-06,
      6.287522410275415e-06,
      6.355363893817412e-06,
      5.9114031500939745e-06,
      6.6174047788081225e-06,
      6.062595730327303e-06,
      5.8500095292401966e-06,
      5.736957518820418e-06,
      6.390040653059259e-06,
      6.065490197215695e-06,
      6.622934051847551e-06,
      6.327622031676583e-06,
      5.516464625543449e-06,
      6.074098564567976e-06,
      6.519258931803051e-06,
      6.426596428354969e-06,
      6.395764103217516e-06,
      6.514962024084525e-06,
      5.5402865655196365e-06,
      5.881362085347064e-06,
      6.985565050854348e-06,
      6.2786266425973736e-06,
      6.338089406199288e-06,
      6.097997356846463e-06,
      6.463791123678675e-06,
      6.3608322307118215e-06,
      6.556746484420728e-06,
      5.643608801619848e-06,
      6.3024267547007184e-06,
      7.181271030276548e-06,
      5.75026570004411e-06,
      6.425556421163492e-06,
      5.803890417155344e-06,
      6.880243290652288e-06,
      5.952080300630769e-06,
      5.855427389178658e-06,
      6.340550953609636e-06,
      6.487264727184083e-06,
      5.8617056311049964e-06,
      6.360442057484761e-06,
      6.193083208927419e-06,
      7.301290679606609e-06,
      6.151222351036267e-06,
      6.513433163490845e-06,
      5.928795417275978e-06,
      5.986702944937861e-06,
      6.409451998479199e-06,
      5.945409156993264e-06,
      6.517891961266287e-06,
      5.780007541034138e-06,
      6.1505606936407275e-06,
      6.402484359568916e-06,
      6.862795544293476e-06,
      6.8878316596965306e-06,
      6.302514066192089e-06,
      5.970195616100682e-06,
      6.576111445610877e-06,
      5.961462193226907e-06,
      5.93183813180076e-06,
      6.315773134701885e-06,
      6.2111935221764725e-06,
      6.364100954669993e-06,
      6.350517196551664e-06,
      6.496987225546036e-06,
      6.450882210629061e-06,
      5.730706106987782e-06,
      6.7156074692320544e-06,
      6.427459084079601e-06,
      6.88557929606759e-06,
      6.802749794587726e-06,
      5.868373591511045e-06,
      6.202324129844783e-06,
      6.057911377865821e-06,
      6.8410577114264015e-06,
      6.0550419220817275e-06,
